格式化站点编号,站点名称,等价站点,线路名称,线路方向,单程序号,经度,纬度,在主城区
001_U_01,柳家,"['005_D_37', '001_U_03', '001_U_02']",1,上行,1,117.98317,37.493833,False
001_U_02,五中队,"['001_U_01', '005_D_37', '001_U_03', '001_U_04']",1,上行,2,117.982986,37.49055,False
001_U_03,九环,"['001_U_02', '001_U_01', '005_D_37', '001_U_04']",1,上行,3,117.982902,37.488988,False
001_U_04,三元生物,"['001_U_02', '001_U_03', '001_U_05']",1,上行,4,117.982716,37.485378,False
001_U_05,东关,"['001_U_07', '001_U_08', '001_U_06', '037_U_15', '001_D_35', '001_U_04']",1,上行,5,117.982398,37.479821,False
001_U_06,梧桐社区,"['001_U_07', '037_U_18', '001_U_08', '005_U_42', '001_U_13', '001_D_35', '037_U_17', '037_U_15', '001_U_05', '014_U_20', '037_U_19', '001_U_14']",1,上行,6,117.983247,37.472807,False
001_U_07,农业银行,"['001_U_09', '037_U_18', '001_U_08', '005_U_42', '001_U_13', '001_D_35', '014_U_17', '037_U_17', '001_U_06', '001_U_11', '037_U_15', '002_U_12', '001_U_05', '014_U_20', '001_U_12', '037_U_19', '001_U_14', '001_U_10']",1,上行,7,117.986752,37.47326,False
001_U_08,亚光工业园,"['001_U_09', '037_U_18', '001_U_07', '005_U_42', '014_U_17', '037_U_17', '001_U_06', '037_U_15', '001_U_05', '014_U_20', '001_D_35', '001_U_10']",1,上行,8,117.987512,37.476985,False
001_U_09,亚光宿舍,"['001_U_07', '037_U_18', '001_U_08', '014_U_17', '037_U_17', '001_U_11', '002_U_10', '014_U_20', '001_U_12', '001_U_10']",1,上行,9,117.990802,37.475922,False
001_U_10,泰裕麦业,"['001_U_09', '037_U_18', '001_U_07', '001_U_08', '001_U_13', '002_U_13', '014_U_17', '037_U_17', '001_U_11', '002_U_10', '002_U_09', '002_U_12', '014_U_20', '037_U_20', '001_U_12', '037_U_19']",1,上行,10,117.991435,37.471908,False
001_U_11,滨北派出所,"['001_U_09', '037_U_18', '001_U_07', '001_U_13', '002_U_13', '014_U_17', '037_U_17', '002_U_10', '002_U_09', '002_U_12', '014_U_20', '037_U_20', '001_U_12', '002_U_14', '037_U_19', '001_U_14', '001_U_10']",1,上行,11,117.991818,37.469517,False
001_U_12,滨北凤凰社区,"['001_U_09', '037_U_18', '001_U_07', '001_U_13', '002_U_13', '001_U_15', '037_U_17', '001_U_11', '002_U_12', '002_U_09', '014_U_20', '002_U_10', '037_U_20', '002_U_14', '037_U_19', '001_U_14', '001_U_10']",1,上行,12,117.990751,37.46834,False
001_U_13,新元商城,"['037_U_18', '001_U_11', '002_U_10', '037_U_19', '005_U_42', '002_U_13', '001_U_15', '001_U_10', '001_U_07', '037_U_17', '001_U_06', '002_U_12', '014_U_20', '037_U_20', '002_U_14', '001_D_35', '037_U_15', '001_U_12', '001_U_14']",1,上行,13,117.98743,37.468007,False
001_U_14,桐霖阁,"['001_U_07', '037_U_18', '005_U_42', '001_U_13', '002_U_13', '001_U_15', '037_U_17', '001_U_06', '001_U_11', '001_D_35', '037_U_15', '002_U_12', '014_U_20', '001_U_12', '037_U_20', '002_U_14', '037_U_19']",1,上行,14,117.98467,37.466159,False
001_U_15,福利院,"['001_U_16', '037_U_18', '001_U_13', '002_U_13', '002_U_12', '014_U_20', '001_U_12', '037_U_20', '002_U_14', '037_U_19', '001_U_14']",1,上行,15,117.987463,37.462226,False
001_U_16,滨北加油站,"['002_U_13', '001_U_15', '037_U_20', '002_U_14', '001_U_17']",1,上行,16,117.990527,37.457984,False
001_U_17,滨澳线缆,['001_U_16'],1,上行,17,117.992525,37.455062,False
001_U_18,皂刘家,['001_U_19'],1,上行,18,117.997273,37.448192,False
001_U_19,岩浩公司,"['001_U_20', '001_U_18']",1,上行,19,118.000272,37.443803,False
001_U_20,滨岭商城,"['001_U_19', '112_U_28', '001_U_21']",1,上行,20,118.003753,37.439484,False
001_U_21,东方红路口,"['001_U_23', '001_U_20', '001_U_22']",1,上行,21,118.009008,37.433836,False
001_U_22,创业大厦,"['001_U_23', '001_U_21']",1,上行,22,118.011547,37.430997,True
001_U_23,城市花园,['001_U_22'],1,上行,23,118.013874,37.428323,True
001_U_24,远方汽贸城,[],1,上行,24,118.016912,37.423375,True
001_U_25,建翔小区,"['105_U_30', '001_U_26', '004_U_19']",1,上行,25,118.019205,37.416688,True
001_U_26,兴滨小区,"['001_U_25', '105_U_30', '113_U_29']",1,上行,26,118.020317,37.413552,True
001_U_27,桃李幸福家园,"['012_U_12', '005_U_57']",1,上行,27,118.023007,37.405606,True
001_U_28,华海白癜风医院,[],1,上行,28,118.024366,37.401637,True
001_U_29,沪滨医院,['004_U_25'],1,上行,29,118.026144,37.396368,True
001_U_30,一建公司,"['001_U_31', '023_U_27', '004_U_25', '023_U_25']",1,上行,30,118.02748,37.392582,True
001_U_31,海得汽配城,"['001_U_30', '023_U_28', '001_D_08']",1,上行,31,118.028053,37.389326,True
001_U_32,第一加油站,"['001_U_33', '001_D_08', '016_D_05', '006_U_41', '036_U_28', '020_U_28']",1,上行,32,118.028509,37.384184,True
001_U_33,东狮家具城,"['006_U_41', '001_U_32', '030_U_45', '004_U_32', '036_U_28']",1,上行,33,118.028754,37.381322,True
001_U_34,城建集团,"['011_U_30', '004_U_32', '001_D_02', '006_U_44']",1,上行,34,118.029111,37.376535,True
001_D_02,城建集团宿舍,"['001_U_34', '011_U_30', '004_U_32', '006_U_44']",1,下行,2,118.028185,37.375318,True
001_D_03,吕剧团,"['009_U_46', '007_U_15', '001_D_04']",1,下行,3,118.023497,37.374952,True
001_D_04,渤海国际,"['023_U_33', '001_D_03', '018_U_19', '004_U_31', '007_U_15', '001_D_05']",1,下行,4,118.020272,37.376349,True
001_D_05,百货大楼,"['018_U_19', '004_U_31', '001_D_04', '033_U_19', '006_U_40']",1,下行,5,118.01995,37.379706,True
001_D_06,银茂大酒店,"['004_U_28', '001_D_07', '022_U_40', '033_U_19', '006_U_38']",1,下行,6,118.01937,37.384312,True
001_D_07,大润发,"['006_U_38', '022_U_40', '004_U_28', '001_D_06']",1,下行,7,118.020417,37.385671,True
001_D_08,姜家小区,"['016_D_05', '006_U_41', '001_U_32', '023_U_28', '001_U_31']",1,下行,8,118.026202,37.386103,True
001_D_35,翔越物流,"['001_U_07', '037_U_18', '001_U_08', '005_U_42', '001_U_13', '037_U_17', '001_U_06', '037_U_15', '001_U_05', '014_U_20', '001_U_14']",1,下行,35,117.982329,37.473392,False
002_U_01,滨澳线缆北门,[],2,上行,1,118.005053,37.457257,False
002_U_02,凤凰大厦,"['002_U_03', '002_U_05', '002_U_04']",2,上行,2,118.013923,37.465561,False
002_U_03,北城英才学校,"['002_U_02', '002_U_05', '002_U_04']",2,上行,3,118.015596,37.467659,False
002_U_04,凤凰花园,"['002_U_03', '002_U_06', '002_U_02', '002_U_05']",2,上行,4,118.013585,37.468074,False
002_U_05,凤湖景城,"['002_U_07', '002_U_06', '002_U_02', '002_U_03', '002_U_04']",2,上行,5,118.010873,37.468009,False
002_U_06,德鑫俪都,"['014_U_15', '002_U_05', '002_U_08', '002_U_07', '002_U_04']",2,上行,6,118.008923,37.472554,False
002_U_07,凤湖花园,"['014_U_15', '002_U_05', '002_U_08', '014_U_16', '002_U_09', '002_U_06']",2,上行,7,118.004296,37.472015,False
002_U_08,凤湖安康,"['002_U_09', '002_U_07', '002_U_06', '002_U_10']",2,上行,8,118.001628,37.469702,False
002_U_09,北城幼儿园,"['002_U_08', '002_U_07', '001_U_11', '002_U_10', '001_U_12', '001_U_10']",2,上行,9,117.997518,37.469265,False
002_U_10,亚光花园,"['001_U_09', '037_U_18', '001_U_13', '002_U_13', '002_U_08', '037_U_17', '001_U_11', '002_U_12', '002_U_09', '014_U_20', '001_U_12', '037_U_20', '002_U_14', '037_U_19', '001_U_10']",2,上行,10,117.994117,37.468825,False
002_U_12,利佰佳超市,"['001_U_07', '037_U_18', '001_U_13', '002_U_13', '001_U_15', '037_U_17', '001_U_11', '014_U_20', '002_U_10', '001_U_12', '037_U_20', '002_U_14', '037_U_19', '001_U_14', '001_U_10']",2,上行,12,117.988649,37.466755,False
002_U_13,凤祥名都,"['001_U_16', '037_U_18', '001_U_13', '001_U_15', '037_U_17', '001_U_11', '002_U_12', '014_U_20', '002_U_10', '001_U_12', '037_U_20', '002_U_14', '037_U_19', '001_U_14', '001_U_10']",2,上行,13,117.989017,37.464636,False
002_U_14,隆达食品,"['001_U_16', '037_U_18', '001_U_13', '002_U_13', '001_U_15', '001_U_11', '002_U_12', '014_U_20', '002_U_10', '001_U_12', '037_U_20', '037_U_19', '001_U_14']",2,上行,14,117.989389,37.462563,False
002_U_24,北海馨居,['002_U_25'],2,上行,24,118.015479,37.419428,True
002_U_25,英天律师事务所,"['002_U_26', '002_U_24']",2,上行,25,118.012213,37.418943,True
002_U_26,滨海嘉园,"['105_U_29', '002_U_25', '007_U_02', '002_U_27']",2,上行,26,118.0099,37.416672,True
002_U_27,北海花园北门,"['002_U_26', '026_U_55', '007_U_04']",2,上行,27,118.0075,37.413944,True
002_U_28,职业学院,[],2,上行,28,118.000454,37.413426,True
002_U_29,华清园,[],2,上行,29,117.99573,37.412185,True
002_U_30,万达广场,"['029_U_31', '113_U_25', '002_U_31']",2,上行,30,117.996497,37.404631,True
002_U_31,吉泰阳光西门,"['002_U_32', '026_U_51', '002_U_30']",2,上行,31,117.996779,37.401757,True
002_U_32,吉泰阳光,"['032_U_29', '002_U_31', '036_U_17']",2,上行,32,117.997952,37.39804,True
002_U_33,园林小区,"['006_U_32', '032_U_29', '006_U_33', '002_U_34']",2,上行,33,118.000236,37.394095,True
002_U_34,青藤苑酒店东门,"['006_U_32', '002_U_33', '002_U_35', '006_U_33']",2,上行,34,118.00059,37.39073,True
002_U_35,菜刘居委会,"['006_U_32', '030_U_38', '032_U_28', '002_U_34', '002_U_36', '030_U_39']",2,上行,35,118.000862,37.388263,True
002_U_36,美食街,"['002_U_35', '030_U_38', '002_U_37', '032_U_28', '030_U_37', '106_U_26', '030_U_39']",2,上行,36,118.001131,37.386048,True
002_U_37,银座黄河店东门,"['002_U_38', '030_U_36', '106_U_26', '002_U_36', '101_U_23', '101_U_22']",2,上行,37,118.001551,37.38235,True
002_U_38,一小宿舍,"['029_U_19', '002_U_37', '029_U_20', '101_U_23', '101_U_22']",2,上行,38,118.001814,37.379701,True
002_U_39,市西办事处,"['029_U_19', '002_U_40', '029_U_20', '102_U_28', '003_U_02']",2,上行,39,118.002401,37.37568,True
002_U_40,徐家,"['003_U_02', '002_U_39', '102_U_28']",2,上行,40,118.002613,37.372968,True
002_U_41,公路工程处,"['009_U_43', '018_U_13']",2,上行,41,118.003106,37.368952,True
002_U_42,南杨东站,"['002_U_43', '031_U_29', '018_U_13']",2,上行,42,118.00354,37.364937,True
002_U_43,第一中学,"['002_U_42', '031_U_29']",2,上行,43,118.003799,37.362589,True
003_U_01,滨医西门,"['005_U_69', '009_U_44', '023_U_34']",3,上行,1,118.009243,37.371431,True
003_U_02,税务局宿舍,"['029_U_19', '002_U_39', '002_U_40']",3,上行,2,118.000916,37.373326,True
003_U_03,德坤华府,"['030_U_34', '003_D_05']",3,上行,3,117.989287,37.376684,True
003_U_04,怡华苑,"['009_U_38', '107_U_13']",3,上行,4,117.97752,37.374352,True
003_U_05,杜店办事处,[],3,上行,5,117.951875,37.373174,True
003_U_06,站前家具城,"['009_U_32', '016_U_10', '010_U_33']",3,上行,6,117.936042,37.37131,True
003_U_07,汽车总站,['016_U_10'],3,上行,7,117.936874,37.366846,True
003_D_05,张八棍居委会,"['003_U_03', '030_U_35']",3,下行,5,117.993134,37.376631,True
004_U_01,三矿,[],4,上行,1,118.134298,37.496714,False
004_U_02,秦皇台高速服务区,['004_U_03'],4,上行,2,118.111916,37.494982,False
004_U_03,齐家,['004_U_02'],4,上行,3,118.105462,37.493638,False
004_U_04,东街,"['013_U_13', '004_U_05']",4,上行,4,118.092137,37.490749,False
004_U_05,秦皇台乡政府,"['004_U_06', '013_U_13', '004_U_04']",4,上行,5,118.086785,37.49034,False
004_U_06,秦皇台中心学校,"['013_U_13', '004_U_05', '004_U_07']",4,上行,6,118.081707,37.48986,False
004_U_07,秦皇台派出所,['004_U_06'],4,上行,7,118.078756,37.488903,False
004_U_08,段李村,['004_U_09'],4,上行,8,118.074579,37.46492,False
004_U_09,北籍村,['004_U_08'],4,上行,9,118.074855,37.461151,False
004_U_10,北高村,[],4,上行,10,118.071744,37.43654,False
004_U_11,惠众丽景国际,"['012_U_01', '004_U_12']",4,上行,11,118.056104,37.433491,False
004_U_12,安康花苑,"['004_U_13', '013_U_21', '105_U_40', '004_U_11', '012_U_01']",4,上行,12,118.053518,37.428794,False
004_U_13,安康花苑西门,"['105_U_40', '004_U_12', '013_U_21', '004_U_14']",4,上行,13,118.048446,37.427067,False
004_U_14,华滨新村,"['105_D_06', '004_U_15', '004_U_13', '013_U_21', '105_U_40']",4,上行,14,118.045869,37.422286,False
004_U_15,行知中学,"['105_U_39', '105_D_06', '004_U_16', '004_U_14']",4,上行,15,118.040693,37.421785,False
004_U_16,市立医院,"['105_D_06', '004_U_15', '018_U_35', '004_U_17', '012_U_07']",4,上行,16,118.03565,37.421373,False
004_U_17,北郝新苑,"['018_U_33', '018_U_34', '105_D_06', '004_U_18', '018_U_31', '004_U_16', '018_U_35', '012_U_07']",4,上行,17,118.031398,37.420975,False
004_U_18,福临家园,"['018_U_33', '018_U_34', '018_U_31', '004_U_17', '012_U_07', '004_U_19']",4,上行,18,118.026604,37.420596,False
004_U_19,北杨居委会,['001_U_25'],4,上行,19,118.019904,37.419992,True
004_U_25,王兰家,"['001_U_30', '001_U_29', '023_U_27']",4,上行,25,118.026117,37.394156,True
004_U_26,政和街,"['004_U_27', '023_U_27', '007_U_09']",4,上行,26,118.021277,37.393815,True
004_U_27,胜滨小区,"['004_U_28', '004_U_26']",4,上行,27,118.018481,37.391393,True
004_U_28,滨南小区,"['001_D_06', '004_U_27', '001_D_07', '022_U_40', '006_U_38']",4,上行,28,118.018871,37.387607,True
004_U_31,银座商城,"['001_D_05', '006_U_40', '001_D_04']",4,上行,31,118.021332,37.378364,True
004_U_32,富泽商贸街,"['001_U_33', '001_D_02', '006_U_41', '030_U_45', '001_U_34']",4,上行,32,118.027219,37.378821,True
005_U_01,金星庙,"['005_U_02', '005_U_03']",5,上行,1,117.897354,37.585757,False
005_U_02,蔺家湾,"['005_U_01', '005_U_04', '005_U_05', '005_U_03']",5,上行,2,117.898625,37.581472,False
005_U_03,侯家园子,"['005_U_01', '005_U_04', '005_U_02', '005_U_05']",5,上行,3,117.897773,37.578612,False
005_U_04,杜家庄,"['005_U_06', '005_U_02', '005_U_05', '005_U_03']",5,上行,4,117.897123,37.575837,False
005_U_05,封杨村,"['005_U_06', '005_U_04', '005_U_02', '005_U_03']",5,上行,5,117.896796,37.574486,False
005_U_06,牟家庙,"['005_U_07', '005_U_04', '005_U_05']",5,上行,6,117.895659,37.569596,False
005_U_07,瓦屋聂,"['005_U_06', '005_U_08', '005_U_09']",5,上行,7,117.894435,37.564379,False
005_U_08,河西马,"['005_U_09', '005_U_07', '005_U_10']",5,上行,8,117.893737,37.561429,False
005_U_09,堤西李,"['005_U_08', '005_U_07', '005_U_10']",5,上行,9,117.893134,37.559469,False
005_U_10,龙王庙,"['005_U_08', '005_U_09']",5,上行,10,117.891927,37.555531,False
005_U_11,河西姜,[],5,上行,11,117.885344,37.53962,False
005_U_12,曹桥村,[],5,上行,12,117.876891,37.541087,False
005_U_13,高北营,['005_U_14'],5,上行,13,117.862987,37.542905,False
005_U_14,肖家,['005_U_13'],5,上行,14,117.85613,37.543915,False
005_U_15,吉家,['005_U_16'],5,上行,15,117.855632,37.534124,False
005_U_16,小田家,"['005_U_17', '005_U_15']",5,上行,16,117.855474,37.529337,False
005_U_17,吉赵家,"['005_U_16', '005_U_18']",5,上行,17,117.855009,37.52311,False
005_U_18,河西褚,['005_U_17'],5,上行,18,117.854741,37.520151,False
005_U_19,三河湖供电所,"['005_U_20', '005_U_21']",5,上行,19,117.854436,37.509388,False
005_U_20,三河湖商贸城,"['005_U_19', '005_U_21']",5,上行,20,117.857463,37.509353,False
005_U_21,二十里堡桥头,"['005_U_19', '005_U_20']",5,上行,21,117.862128,37.507808,False
005_U_22,三河湖幼儿园,"['005_U_24', '005_U_23', '006_U_02']",5,上行,22,117.869593,37.503534,False
005_U_23,三河湖镇政府,"['005_U_24', '005_U_22', '006_U_02']",5,上行,23,117.87245,37.502349,False
005_U_24,三河湖实验学校,"['005_U_22', '005_U_23', '005_U_25']",5,上行,24,117.876311,37.50122,False
005_U_25,油棉四厂,['005_U_24'],5,上行,25,117.881687,37.499929,False
005_U_26,G25高速入口,['005_U_27'],5,上行,26,117.910331,37.493164,False
005_U_27,西魏家,"['005_U_26', '005_U_28']",5,上行,27,117.915693,37.4919,False
005_U_28,袁家庵,"['005_U_27', '005_U_29']",5,上行,28,117.920672,37.490809,False
005_U_29,边家,"['005_U_28', '005_U_30']",5,上行,29,117.927286,37.4892,False
005_U_30,张赵家,['005_U_29'],5,上行,30,117.929703,37.488637,False
005_U_31,坦上村,[],5,上行,31,117.937739,37.486771,False
005_U_32,篦子张,"['005_U_33', '019_D_34']",5,上行,32,117.948141,37.489511,False
005_U_33,炊帚王,"['005_U_32', '005_U_34', '019_D_34']",5,上行,33,117.952586,37.491018,False
005_U_34,南邱家,"['005_U_33', '005_U_35']",5,上行,34,117.960045,37.493096,False
005_U_35,北关,"['005_U_34', '008_U_13', '005_U_36']",5,上行,35,117.9668,37.494895,False
005_U_36,秦董姜,['005_U_35'],5,上行,36,117.97386,37.495645,False
005_U_42,华滨楼,"['001_U_07', '037_U_18', '001_U_08', '001_U_13', '037_U_17', '001_U_06', '037_U_15', '014_U_20', '001_D_35', '001_U_14']",5,上行,42,117.981946,37.47182,False
005_U_57,华晨小区,"['012_U_12', '001_U_27']",5,上行,57,118.021305,37.4043,True
005_U_58,宣家小区,"['007_U_05', '007_U_07', '012_U_13', '026_U_48']",5,上行,58,118.01436,37.403881,True
005_U_59,观湖花园,"['007_U_05', '005_U_60', '026_U_48']",5,上行,59,118.009912,37.403548,True
005_U_60,二十里堡小区,"['107_U_25', '026_U_50', '005_U_59', '036_U_19']",5,上行,60,118.006735,37.402101,True
005_U_61,市路灯处,"['024_U_23', '107_U_25', '036_U_18', '036_U_19']",5,上行,61,118.00751,37.397822,True
005_U_62,安康家园,"['024_U_23', '006_U_34', '005_U_63', '006_U_35']",5,上行,62,118.00806,37.39376,True
005_U_63,环卫处,"['024_U_23', '005_U_64', '006_U_34', '030_U_41', '030_U_40', '006_U_35', '005_U_62']",5,上行,63,118.008598,37.390567,True
005_U_64,人民医院,"['030_U_41', '005_U_63', '022_U_42', '030_U_40', '005_U_65', '106_U_27']",5,上行,64,118.009213,37.387125,True
005_U_65,贵苑大酒店,"['005_U_64', '030_U_41', '022_U_42', '033_U_18', '101_U_24', '101_U_25', '106_U_27']",5,上行,65,118.009851,37.38397,True
005_U_66,安达驾校,"['005_U_67', '101_U_24', '101_U_25', '018_U_18']",5,上行,66,118.009264,37.379367,True
005_U_67,汽贸宿舍,"['005_U_66', '102_U_28', '018_U_18']",5,上行,67,118.008297,37.376218,True
005_U_69,自来水公司,"['005_U_70', '009_U_43', '003_U_01', '009_U_44']",5,上行,69,118.009052,37.369512,True
005_U_70,翔和家苑,"['005_U_71', '005_U_69', '009_U_44']",5,上行,70,118.009383,37.366824,True
005_U_71,逸夫小学长江一路校区,['005_U_70'],5,上行,71,118.008342,37.364063,True
005_D_37,永莘路,"['001_U_01', '001_U_03', '001_U_02']",5,下行,37,117.981862,37.494731,False
006_U_01,三河湖风景区,[],6,上行,1,117.855387,37.497945,False
006_U_02,王素先,"['005_U_22', '005_U_23']",6,上行,2,117.865654,37.499666,False
006_U_05,李举家,['006_U_06'],6,上行,5,117.886957,37.473876,False
006_U_06,尹集小学,"['006_U_05', '006_U_07']",6,上行,6,117.888225,37.469882,False
006_U_07,尹集,"['006_U_06', '006_U_08', '006_U_09']",6,上行,7,117.890312,37.465186,False
006_U_08,尹集东,"['006_U_07', '006_U_09']",6,上行,8,117.892352,37.46147,False
006_U_09,把棍张,"['006_U_08', '006_U_07']",6,上行,9,117.891647,37.458025,False
006_U_10,西苑家,['006_U_11'],6,上行,10,117.891378,37.443853,False
006_U_11,龙凤张,"['006_U_10', '006_U_12']",6,上行,11,117.891605,37.438951,False
006_U_12,后李,"['006_U_11', '006_U_13']",6,上行,12,117.894703,37.434638,False
006_U_13,墨家集,['006_U_12'],6,上行,13,117.89843,37.428304,False
006_U_14,尚集,['009_U_24'],6,上行,14,117.89787,37.412334,False
006_U_15,齐鲁交通,['006_U_16'],6,上行,15,117.905036,37.416028,False
006_U_16,勺头韩后村,"['006_U_15', '006_U_17']",6,上行,16,117.909213,37.418016,False
006_U_17,杨柳雪卫生院,['006_U_16'],6,上行,17,117.915247,37.419569,False
006_U_18,通晟工贸,['006_U_19'],6,上行,18,117.926807,37.420053,False
006_U_19,博鳌高级中学,['006_U_18'],6,上行,19,117.931145,37.420552,False
006_U_20,西孟村,['006_U_21'],6,上行,20,117.94169,37.42299,False
006_U_21,社会养老服务中心,[],6,上行,21,117.948836,37.419444,True
006_U_22,人民医院西院区,[],6,上行,22,117.956136,37.416781,True
006_U_23,望海花园西门,['106_U_14'],6,上行,23,117.963407,37.408776,True
006_U_24,滨州大饭店,[],6,上行,24,117.961026,37.40452,True
006_U_25,中海天地桥,['006_U_26'],6,上行,25,117.956575,37.397161,True
006_U_26,中海,['006_U_25'],6,上行,26,117.95521,37.394314,True
006_U_27,中海公园南门,"['105_U_14', '017_U_26']",6,上行,27,117.962347,37.3917,True
006_U_28,公共资源交易中心,"['011_U_06', '017_U_29', '011_U_05']",6,上行,28,117.97138,37.391707,True
006_U_29,北镇中学,"['017_U_31', '017_U_30']",6,上行,29,117.978635,37.391743,True
006_U_30,学院北门,[],6,上行,30,117.987632,37.39178,True
006_U_31,锦绣城,['112_U_19'],6,上行,31,117.993543,37.391739,True
006_U_32,青藤苑酒店,"['002_U_33', '002_U_35', '002_U_34', '006_U_33', '032_U_29']",6,上行,32,117.999199,37.391876,True
006_U_33,建设小区,"['006_U_32', '002_U_33', '002_U_34']",6,上行,33,118.002841,37.392126,True
006_U_34,王家,"['024_U_23', '005_U_63', '006_U_35', '005_U_62']",6,上行,34,118.006943,37.39244,True
006_U_35,市干休所,"['024_U_23', '006_U_34', '005_U_63', '026_U_45', '026_U_46', '005_U_62']",6,上行,35,118.010496,37.392709,True
006_U_36,区公安局,"['026_U_46', '026_U_45']",6,上行,36,118.014656,37.393013,True
006_U_38,滨南社区,"['004_U_28', '022_U_40', '001_D_07', '001_D_06']",6,上行,38,118.018956,37.387403,True
006_U_40,新华街,"['016_D_05', '006_U_41', '004_U_31', '030_U_45', '001_D_05']",6,上行,40,118.022847,37.381913,True
006_U_41,华升盛世春秋,"['001_U_33', '001_D_08', '016_D_05', '001_U_32', '030_U_45', '004_U_32', '006_U_40']",6,上行,41,118.026297,37.382208,True
006_U_44,五四广场,"['001_D_02', '010_U_53', '009_U_47', '011_U_30', '106_U_36', '001_U_34']",6,上行,44,118.02948,37.37271,True
007_U_01,职业学院东门,['007_U_02'],7,上行,1,118.002596,37.417335,True
007_U_02,北海明珠,"['002_U_26', '007_U_01']",7,上行,2,118.006484,37.417949,True
007_U_04,南蔺居委会,"['105_U_29', '026_U_55', '002_U_27', '113_U_28']",7,上行,4,118.010483,37.411349,True
007_U_05,宣家小区西门,"['026_U_48', '005_U_59', '005_U_58']",7,上行,5,118.011094,37.40564,True
007_U_07,瑄嘉名都,"['012_U_13', '005_U_58', '107_U_26']",7,上行,7,118.017382,37.401858,True
007_U_08,清怡小学东校区,"['107_U_26', '007_U_09']",7,上行,8,118.017775,37.397776,True
007_U_09,清怡市场,"['007_U_08', '004_U_26']",7,上行,9,118.017984,37.395751,True
007_U_15,黄金大厦,"['009_U_46', '023_U_33', '001_D_03', '001_D_04', '007_U_16']",7,上行,15,118.020501,37.37365,True
007_U_16,蒲园,"['009_U_46', '007_U_15', '007_U_17']",7,上行,16,118.020841,37.369759,True
007_U_17,磬露园,"['007_U_18', '007_U_16', '009_U_45']",7,上行,17,118.018992,37.368527,True
007_U_18,高杜市场,"['007_U_17', '009_U_45']",7,上行,18,118.015166,37.367615,True
007_U_19,供水花园,[],7,上行,19,118.012603,37.364411,True
008_U_01,寨子,['008_U_02'],8,上行,1,117.910077,37.55958,False
008_U_02,石桥,['008_U_01'],8,上行,2,117.909998,37.564425,False
008_U_03,封王,['008_U_04'],8,上行,3,117.916022,37.569721,False
008_U_04,韩豁,['008_U_03'],8,上行,4,117.922271,37.567804,False
008_U_05,崔家,[],8,上行,5,117.93644,37.568768,False
008_U_06,双刘家,[],8,上行,6,117.949529,37.553986,False
008_U_07,张集农商行,"['008_U_08', '008_D_39', '037_U_06']",8,上行,7,117.95882,37.543777,False
008_U_08,张木匠,"['008_U_07', '008_D_39', '008_U_09', '037_U_06']",8,上行,8,117.958541,37.541816,False
008_U_09,北段家,['008_U_08'],8,上行,9,117.959529,37.534422,False
008_U_10,吴家,['008_U_11'],8,上行,10,117.961395,37.525542,False
008_U_11,北尹家,['008_U_10'],8,上行,11,117.962028,37.521815,False
008_U_12,东丁家,[],8,上行,12,117.963719,37.513484,False
008_U_13,香坊村,['005_U_35'],8,上行,13,117.966211,37.502401,False
008_D_39,前张,"['008_U_08', '008_U_07']",8,下行,39,117.957315,37.543563,False
008_D_40,柳树孙,[],8,下行,40,117.945396,37.542797,False
008_D_41,碱吕家,[],8,下行,41,117.935722,37.544628,False
008_D_42,北齐家,[],8,下行,42,117.915693,37.546461,False
008_D_43,北刘家,"['021_U_04', '008_D_44', '021_U_05']",8,下行,43,117.901248,37.552491,False
008_D_44,周史楼,"['021_U_04', '021_U_05', '008_D_43']",8,下行,44,117.901966,37.555405,False
009_U_01,丛家,['009_U_02'],9,上行,1,117.799416,37.512349,False
009_U_02,孙集,['009_U_01'],9,上行,2,117.806928,37.51115,False
009_U_03,京博加油站,['015_U_09'],9,上行,3,117.824115,37.509165,False
009_U_04,北常家,['009_U_05'],9,上行,4,117.824344,37.501115,False
009_U_05,提上胡,"['009_U_04', '009_U_06']",9,上行,5,117.824483,37.497645,False
009_U_06,高湾,"['009_U_07', '009_U_05', '009_U_08']",9,上行,6,117.822623,37.492726,False
009_U_07,前韩,"['009_U_06', '009_U_08']",9,上行,7,117.823282,37.489592,False
009_U_08,张家,"['009_U_07', '009_U_06']",9,上行,8,117.824136,37.48597,False
009_U_09,窑厂路口,['009_U_10'],9,上行,9,117.82649,37.47575,False
009_U_10,刘甄家,"['009_U_11', '009_U_09']",9,上行,10,117.828194,37.468488,False
009_U_11,芦草王,['009_U_10'],9,上行,11,117.829495,37.462914,False
009_U_12,白家,['009_U_13'],9,上行,12,117.831879,37.452056,False
009_U_13,郎中河,['009_U_12'],9,上行,13,117.832324,37.449992,False
009_U_14,林坊,['009_U_15'],9,上行,14,117.837093,37.44179,False
009_U_15,牌家,"['009_U_14', '009_U_16']",9,上行,15,117.843633,37.440366,False
009_U_16,小唐小学,['009_U_15'],9,上行,16,117.848708,37.438034,False
009_U_17,小唐,[],9,上行,17,117.856349,37.433968,False
009_U_18,大唐,[],9,上行,18,117.866216,37.434219,False
009_U_19,刘杨,['009_U_20'],9,上行,19,117.876745,37.43316,False
009_U_20,夏家,['009_U_19'],9,上行,20,117.88237,37.433053,False
009_U_24,店东李,['006_U_14'],9,上行,24,117.897578,37.408716,False
009_U_25,邓家店,"['109_U_14', '109_U_13']",9,上行,25,117.897513,37.393873,False
009_U_26,范集商贸城,"['030_U_17', '009_U_27']",9,上行,26,117.896994,37.384466,False
009_U_27,政通铝材,['009_U_26'],9,上行,27,117.903076,37.379725,False
009_U_28,滨魏二区,[],9,上行,28,117.916175,37.379794,True
009_U_29,二单宿舍,['009_U_30'],9,上行,29,117.929789,37.379841,True
009_U_30,杜店北街,"['009_U_29', '009_U_31']",9,上行,30,117.933591,37.379854,True
009_U_31,明日星城小区,"['017_U_15', '009_U_30']",9,上行,31,117.936258,37.377346,True
009_U_32,汽车总站广场,"['003_U_06', '031_U_17', '010_U_33']",9,上行,32,117.937112,37.373202,True
009_U_33,天阳小区,"['112_U_05', '010_U_36']",9,上行,33,117.944884,37.373582,True
009_U_35,市税务局二路办公区,"['032_U_16', '025_U_31']",9,上行,35,117.957021,37.372393,True
009_U_36,百世儿童医院,['105_U_07'],9,上行,36,117.962714,37.371762,True
009_U_37,至尊门第南门,"['011_U_11', '011_U_12']",9,上行,37,117.968381,37.371432,True
009_U_38,碧林花园,"['011_U_17', '003_U_04']",9,上行,38,117.978904,37.371491,True
009_U_39,新光小区,"['012_U_30', '009_U_40']",9,上行,39,117.986364,37.371574,True
009_U_40,双拥广场,['009_U_39'],9,上行,40,117.990076,37.371586,True
009_U_41,利世医院,"['009_U_42', '018_U_12', '029_U_18']",9,上行,41,117.994824,37.37055,True
009_U_42,建工宿舍,"['009_U_41', '029_U_17', '018_U_13', '029_U_18']",9,上行,42,117.998581,37.369275,True
009_U_43,广兴医院,"['002_U_41', '005_U_69', '102_U_28']",9,上行,43,118.005153,37.369689,True
009_U_44,滨医附院,"['005_U_70', '005_U_69', '003_U_01']",9,上行,44,118.010958,37.370145,True
009_U_45,剧场街农贸市场,"['007_U_18', '007_U_17']",9,上行,45,118.015998,37.370507,True
009_U_46,区第二实验小学,"['009_U_47', '007_U_15', '007_U_16', '001_D_03']",9,上行,46,118.023482,37.371078,True
009_U_47,五四转盘,"['009_U_46', '006_U_44', '010_U_53']",9,上行,47,118.027006,37.371323,True
010_U_01,西圈王,"['010_U_02', '010_U_03']",10,上行,1,117.82609,37.28838,False
010_U_02,圈王小学,"['010_U_01', '010_U_03']",10,上行,2,117.826789,37.288304,False
010_U_03,圈王东,"['010_U_01', '010_U_02']",10,上行,3,117.828991,37.288013,False
010_U_04,小开河村,"['010_U_06', '010_U_05']",10,上行,4,117.837014,37.286848,False
010_U_05,小开河桥头,"['010_U_06', '010_U_04', '010_U_07']",10,上行,5,117.84007,37.28704,False
010_U_06,开河棉站,"['010_U_05', '010_U_08', '010_U_04', '010_U_07']",10,上行,6,117.838979,37.294253,False
010_U_07,李家集,"['010_U_06', '010_U_05', '010_U_09', '010_U_08']",10,上行,7,117.842641,37.294057,False
010_U_08,大开河,"['010_U_06', '010_U_09', '010_U_07']",10,上行,8,117.844855,37.293588,False
010_U_09,邢家,"['010_U_11', '010_U_08', '010_U_10', '010_U_07']",10,上行,9,117.849848,37.292924,False
010_U_10,赵口村,"['010_U_11', '010_U_09']",10,上行,10,117.855559,37.292547,False
010_U_11,吕前,"['010_U_09', '010_U_10']",10,上行,11,117.857381,37.292612,False
010_U_12,南司家,"['010_U_13', '010_U_14', '025_U_01']",10,上行,12,117.865673,37.293074,False
010_U_13,司家市场,"['010_U_14', '010_U_12']",10,上行,13,117.868522,37.293792,False
010_U_14,吕后,"['010_U_13', '010_U_12', '010_U_16', '010_U_15']",10,上行,14,117.868976,37.298022,False
010_U_15,丁家,"['010_U_14', '010_U_16']",10,上行,15,117.868913,37.302396,False
010_U_16,红庙,"['010_U_14', '010_U_15', '010_U_17']",10,上行,16,117.868877,37.305359,False
010_U_17,高集南,"['010_U_18', '010_U_16']",10,上行,17,117.868808,37.312204,False
010_U_18,高集,['010_U_17'],10,上行,18,117.86822,37.31674,False
010_U_19,边家路口,"['010_U_21', '010_U_20']",10,上行,19,117.860019,37.316374,False
010_U_20,河沟张,"['010_U_21', '010_U_19']",10,上行,20,117.855871,37.316201,False
010_U_21,张慈庵,"['010_U_22', '010_U_19', '010_U_20']",10,上行,21,117.85666,37.321117,False
010_U_22,李椿门家,['010_U_21'],10,上行,22,117.856712,37.328355,False
010_U_23,西里扎根,['010_U_24'],10,上行,23,117.856579,37.340404,False
010_U_24,小吴家,['010_U_23'],10,上行,24,117.856437,37.347562,False
010_U_25,树仁中学,['028_U_07'],10,上行,25,117.855855,37.357586,False
010_U_26,钟楼村,['010_D_29'],10,上行,26,117.866421,37.359415,False
010_U_27,沙河安康花苑,['010_D_29'],10,上行,27,117.874884,37.358208,False
010_U_28,沙河办事处,['030_U_13'],10,上行,28,117.883021,37.359658,False
010_U_29,东方地毯,"['017_U_05', '010_U_30', '017_U_07']",10,上行,29,117.901388,37.363341,False
010_U_30,苏学官,"['017_U_05', '010_U_29', '017_U_07']",10,上行,30,117.903931,37.364158,False
010_U_31,明珠广场,[],10,上行,31,117.921981,37.369267,True
010_U_32,四通商贸城,[],10,上行,32,117.928043,37.37106,True
010_U_33,开发区中心医院,"['003_U_06', '009_U_32']",10,上行,33,117.933399,37.372529,True
010_U_36,秦皇丽景西门,"['009_U_33', '112_U_05']",10,上行,36,117.947031,37.371286,True
010_U_37,印象江南,"['025_U_31', '025_U_30']",10,上行,37,117.953067,37.367291,True
010_U_38,马坊市场,"['010_U_39', '025_U_31', '025_U_30']",10,上行,38,117.957288,37.3673,True
010_U_39,渤海名园,"['010_U_40', '010_U_38']",10,上行,39,117.961071,37.367318,True
010_U_40,实验学校南校区,"['011_U_12', '010_U_39']",10,上行,40,117.964777,37.367321,True
010_U_41,天场瑞府,"['011_U_12', '010_U_42']",10,上行,41,117.969545,37.367324,True
010_U_42,市委党校,"['111_U_02', '010_U_41']",10,上行,42,117.972427,37.369524,True
010_U_53,六街蔬菜市场,"['009_U_47', '106_D_02', '006_U_44', '106_U_36', '106_U_37']",10,上行,53,118.030135,37.370628,True
010_U_54,蒲湖风景区,['022_U_32'],10,上行,54,118.034873,37.360774,False
010_D_29,钟楼孙,"['010_U_27', '010_U_26']",10,下行,29,117.868059,37.359693,False
011_U_01,市政务服务中心,"['017_U_36', '017_U_37']",11,上行,1,117.983654,37.40329,True
011_U_02,滨州乒乓球馆,"['017_U_34', '011_U_03']",11,上行,2,117.980854,37.398044,True
011_U_03,朝阳小区,['011_U_02'],11,上行,3,117.977698,37.397948,True
011_U_04,体育家园,"['105_U_18', '011_D_37']",11,上行,4,117.972624,37.398008,True
011_U_05,格林春天,"['011_D_37', '006_U_28']",11,上行,5,117.969305,37.395017,True
011_U_06,市教育局,"['006_U_28', '017_U_28', '011_U_07', '017_U_27']",11,上行,6,117.968788,37.389808,True
011_U_07,滨化家园,"['011_U_08', '011_U_06', '017_U_27', '102_U_13', '112_U_14', '017_U_28']",11,上行,7,117.968491,37.387151,True
011_U_08,市档案馆,"['102_U_13', '112_U_14', '011_U_09', '011_U_07', '017_U_28']",11,上行,8,117.968299,37.384425,True
011_U_09,市政大楼西门,"['011_U_08', '102_U_13', '112_U_14', '011_U_10', '030_U_28']",11,上行,9,117.96808,37.382791,True
011_U_10,传媒集团,"['107_U_12', '030_U_28', '107_U_11', '011_U_09']",11,上行,10,117.967696,37.378893,True
011_U_11,至尊门第西门,"['009_U_37', '107_U_11', '107_U_12']",11,上行,11,117.967286,37.374499,True
011_U_12,市委党校西门,"['010_U_40', '009_U_37', '010_U_41']",11,上行,12,117.966876,37.370256,True
011_U_14,泰山名郡,"['111_U_02', '011_U_15', '012_U_32']",11,上行,14,117.974993,37.363072,True
011_U_15,双湖家园,"['111_D_33', '011_U_16', '012_U_32', '011_U_14']",11,上行,15,117.977973,37.363889,True
011_U_16,碧林花园南门,"['111_U_02', '011_U_15', '111_D_33', '012_U_32']",11,上行,16,117.978331,37.365994,True
011_U_17,彩虹湖,['009_U_38'],11,上行,17,117.981209,37.37077,True
011_U_30,郝家便民市场,"['106_U_36', '001_U_34', '001_D_02', '006_U_44']",11,上行,30,118.03036,37.375409,True
011_U_31,五四一居委会,"['011_U_32', '036_U_30', '011_U_33', '103_U_32', '103_U_31', '106_D_02', '103_U_34', '106_U_37', '106_U_36', '011_U_30', '036_U_29']",11,上行,31,118.03744,37.375938,False
011_U_32,滨印集团,"['011_D_07', '011_U_33', '103_U_32', '022_U_32', '103_U_31', '106_D_02', '103_U_34', '106_U_37', '011_U_31']",11,上行,32,118.039908,37.37285,False
011_U_33,华纺股份,"['011_D_07', '011_U_32', '103_U_32', '011_D_06', '011_D_05', '103_U_34', '011_U_34', '011_U_31']",11,上行,33,118.043457,37.372537,False
011_U_34,郭家,"['022_U_30', '011_D_07', '011_U_35', '011_U_33', '011_D_06', '011_D_05']",11,上行,34,118.048075,37.372847,False
011_U_35,苏家,"['011_D_07', '011_U_36', '011_D_04', '011_D_03', '011_D_05', '011_U_34']",11,上行,35,118.053371,37.373212,False
011_U_36,华纺股份有限公司,"['011_U_35', '011_D_03', '011_U_37', '022_U_27', '011_D_02']",11,上行,36,118.060624,37.373706,False
011_U_37,交警大队,"['011_D_02', '011_D_03', '022_U_27', '011_U_36']",11,上行,37,118.062275,37.372483,False
011_D_02,安运驾校,"['011_U_36', '011_D_04', '011_D_03', '011_U_37', '022_U_27']",11,下行,2,118.062054,37.369627,False
011_D_03,黄河馨居,"['011_U_36', '011_U_35', '011_D_04', '011_U_37', '022_U_27', '011_D_02', '022_U_29']",11,下行,3,118.057611,37.368001,False
011_D_04,滨河新苑B区,"['022_U_30', '011_U_35', '011_D_03', '011_D_06', '011_D_05', '011_D_02', '022_U_29']",11,下行,4,118.05428,37.367754,False
011_D_05,滨河新苑A区,"['022_U_30', '011_D_07', '011_U_35', '011_D_04', '011_U_33', '011_D_06', '011_U_34', '022_U_29']",11,下行,5,118.04948,37.367421,False
011_D_06,玉龙湖小区,"['022_U_30', '011_D_07', '011_D_04', '011_U_33', '022_U_32', '011_D_05', '011_U_34']",11,下行,6,118.046436,37.367247,False
011_D_07,毛纺厂小区,"['022_U_30', '011_U_32', '011_U_35', '011_U_33', '022_U_32', '011_D_06', '011_D_05', '011_U_34']",11,下行,7,118.046152,37.369936,False
011_D_37,滨州植物园,"['011_U_04', '011_U_05']",11,下行,37,117.969741,37.396937,True
012_U_01,高级技校,"['013_U_20', '004_U_11', '004_U_12']",12,上行,1,118.060138,37.428921,False
012_U_07,北郝居委会,"['018_U_33', '018_U_34', '105_D_06', '004_U_18', '018_U_31', '004_U_16', '018_U_35', '004_U_17']",12,上行,7,118.03157,37.421002,False
012_U_12,公交总公司,"['005_U_57', '113_U_29', '012_U_13', '001_U_27']",12,上行,12,118.020165,37.407793,True
012_U_13,新贵公馆,"['012_U_12', '007_U_07', '005_U_58']",12,上行,13,118.01709,37.405342,True
012_U_30,彩虹景苑,['009_U_39'],12,上行,30,117.984871,37.36857,True
012_U_32,亚太商贸街,"['111_U_02', '011_U_15', '011_U_16', '011_U_14']",12,上行,32,117.976177,37.366053,True
013_U_01,小赵家,[],13,上行,1,118.159108,37.555613,False
013_U_02,东石营,['013_U_03'],13,上行,2,118.142804,37.536186,False
013_U_03,中石营,"['013_U_02', '013_U_04']",13,上行,3,118.138203,37.536684,False
013_U_04,西石营,['013_U_03'],13,上行,4,118.133256,37.537135,False
013_U_05,瓦屋张,['013_U_06'],13,上行,5,118.106075,37.532892,False
013_U_06,东薛家,['013_U_05'],13,上行,6,118.103468,37.530104,False
013_U_07,北贾村,['014_U_05'],13,上行,7,118.088984,37.528698,False
013_U_08,东张集村,"['013_U_09', '014_U_05']",13,上行,8,118.080503,37.529208,False
013_U_09,侯北,"['013_U_08', '013_U_11', '013_U_10']",13,上行,9,118.075981,37.525782,False
013_U_10,侯南,"['013_U_09', '013_U_11']",13,上行,10,118.076648,37.522195,False
013_U_11,袁家,"['013_U_09', '013_U_10']",13,上行,11,118.077228,37.519407,False
013_U_12,湾赵村,[],13,上行,12,118.090974,37.50123,False
013_U_13,西街,"['004_U_06', '004_U_04', '004_U_05']",13,上行,13,118.087677,37.489454,False
013_U_14,杀虎刘村,[],13,上行,14,118.086072,37.48146,False
013_U_15,台子王,[],13,上行,15,118.093371,37.46753,False
013_U_16,南贾村,[],13,上行,16,118.089805,37.458554,False
013_U_17,宋大学村,[],13,上行,17,118.104293,37.451453,False
013_U_18,魏家,['013_U_19'],13,上行,18,118.076401,37.424347,False
013_U_19,明德小学,"['013_U_20', '013_U_18']",13,上行,19,118.072066,37.42404,False
013_U_20,滨城消防,"['013_U_19', '012_U_01']",13,上行,20,118.065602,37.423598,False
013_U_21,蓝海钧华大酒店,"['105_U_40', '004_U_13', '004_U_12', '004_U_14']",13,上行,21,118.051259,37.422639,False
014_U_01,马坊,[],14,上行,1,118.102592,37.550419,False
014_U_05,北朱家村,"['013_U_08', '013_U_07']",14,上行,5,118.086129,37.524105,False
014_U_11,仓头王,[],14,上行,11,118.067058,37.485535,False
014_U_12,罗家堡,[],14,上行,12,118.047686,37.481988,False
014_U_13,乔昌化工,[],14,上行,13,118.033555,37.481242,False
014_U_15,山水水泥,"['002_U_07', '002_U_06', '014_U_16']",14,上行,15,118.005036,37.478289,False
014_U_16,滨北热电厂,"['014_U_17', '002_U_07', '014_U_15']",14,上行,16,117.999033,37.477612,False
014_U_17,金立纺织,"['001_U_09', '001_U_07', '001_U_08', '037_U_17', '014_U_16', '001_U_11', '001_U_10']",14,上行,17,117.993017,37.476988,False
014_U_20,第二医院,"['037_U_18', '001_U_11', '002_U_10', '037_U_19', '005_U_42', '002_U_13', '001_U_15', '001_U_10', '001_U_09', '001_U_07', '001_U_13', '037_U_17', '001_U_06', '002_U_12', '037_U_20', '002_U_14', '001_D_35', '001_U_08', '037_U_15', '001_U_12', '001_U_14']",14,上行,20,117.986416,37.469911,False
015_U_01,后尹后,['015_U_02'],15,上行,1,117.820384,37.557157,False
015_U_02,后尹,['015_U_01'],15,上行,2,117.820813,37.553053,False
015_U_03,西小李,"['015_U_05', '015_U_06', '015_U_04']",15,上行,3,117.821657,37.544177,False
015_U_04,高家庙,"['015_U_05', '015_U_06', '015_U_03']",15,上行,4,117.821746,37.543068,False
015_U_05,三河湖四小,"['015_U_06', '015_U_04', '015_U_03']",15,上行,5,117.822061,37.539766,False
015_U_06,大卢家,"['015_U_05', '015_U_04', '015_U_03']",15,上行,6,117.822166,37.537091,False
015_U_07,前苏家,[],15,上行,7,117.823689,37.519521,False
015_U_09,大营冯,['009_U_03'],15,上行,9,117.831357,37.508537,False
015_U_10,大营胡,['015_U_11'],15,上行,10,117.839358,37.507568,False
015_U_11,三河湖卫生院,['015_U_10'],15,上行,11,117.844756,37.507193,False
016_U_01,黄河三角洲交易中心,"['113_U_01', '032_U_08']",16,上行,1,117.950479,37.340264,False
016_U_02,渤海先进技术研究院南门,"['016_U_03', '113_U_01']",16,上行,2,117.940166,37.343058,False
016_U_03,胜利油建七分公司,[],16,上行,3,117.936253,37.34978,True
016_U_04,鲁德曲轴,[],16,上行,4,117.932722,37.352944,True
016_U_05,中油燃气,['016_U_06'],16,上行,5,117.926352,37.352876,True
016_U_06,一汽大众,['016_U_05'],16,上行,6,117.924064,37.355658,True
016_U_07,拉菲公馆,[],16,上行,7,117.924082,37.361256,True
016_U_08,熙悦府,[],16,上行,8,117.929824,37.36298,True
016_U_10,渤海活塞,"['003_U_06', '003_U_07']",16,上行,10,117.9363,37.368494,True
016_D_05,通康医院,"['001_D_08', '006_U_41', '001_U_32', '030_U_45', '006_U_40']",16,下行,5,118.025504,37.384254,True
017_U_01,天一光电,[],17,上行,1,117.884398,37.342478,False
017_U_02,滨魏供热宿舍,['017_U_03'],17,上行,2,117.898225,37.342312,False
017_U_03,刘家集,"['017_U_02', '017_U_04']",17,上行,3,117.900648,37.34369,False
017_U_04,南段村,"['017_U_05', '017_U_03']",17,上行,4,117.900649,37.350294,False
017_U_05,沙魏村,"['017_U_07', '010_U_30', '010_U_29', '017_U_04']",17,上行,5,117.90061,37.357284,False
017_U_07,三维汽贸,"['017_U_05', '010_U_30', '017_U_08', '010_U_29']",17,上行,7,117.900001,37.363228,False
017_U_08,沙洼韩,['017_U_07'],17,上行,8,117.892304,37.364847,False
017_U_09,汇智人才公寓东门,"['030_U_17', '027_U_15', '030_U_16']",17,上行,9,117.895257,37.375283,False
017_U_12,纺苑二区,[],17,上行,12,117.921006,37.379841,True
017_U_15,水清木华,"['106_U_05', '017_U_16', '009_U_31']",17,上行,15,117.937642,37.379847,True
017_U_16,华夏银行,['017_U_15'],17,上行,16,117.941358,37.379895,True
017_U_17,领域尚城,"['112_U_05', '102_U_07', '030_U_24', '017_U_18']",17,上行,17,117.947056,37.378176,True
017_U_18,纺苑小区,"['112_U_05', '030_U_24', '017_U_17']",17,上行,18,117.949033,37.376964,True
017_U_19,市自然资源规划局,"['030_U_25', '032_U_16', '017_U_20']",17,上行,19,117.956917,37.37695,True
017_U_20,齐鲁花园,"['032_U_18', '017_U_21', '017_U_19', '030_U_26', '107_U_10', '105_U_08']",17,上行,20,117.960159,37.376943,True
017_U_21,金融花园,"['032_U_18', '017_U_22', '017_U_20', '107_U_11', '030_U_26', '107_U_10', '105_U_08']",17,上行,21,117.962247,37.377948,True
017_U_22,市交通运输局,"['102_U_10', '032_U_18', '017_U_23', '017_U_21', '017_U_24', '030_U_26', '107_U_10']",17,上行,22,117.962194,37.380583,True
017_U_23,馨露佳园,"['102_U_10', '032_U_18', '017_U_22', '017_U_24', '030_U_26', '102_U_12']",17,上行,23,117.962249,37.381956,True
017_U_24,交通丽苑,"['102_U_10', '102_U_13', '017_U_23', '017_U_22', '017_U_25', '102_U_12', '102_U_09']",17,上行,24,117.962208,37.383729,True
017_U_25,阳光贵苑,"['102_U_13', '102_U_10', '017_U_26', '105_U_14', '017_U_24', '102_U_12', '102_U_09']",17,上行,25,117.962248,37.38625,True
017_U_26,银座中海店,"['017_U_27', '105_U_14', '006_U_27', '017_U_25', '102_U_12']",17,上行,26,117.963087,37.388111,True
017_U_27,实验学校,"['011_U_06', '102_U_13', '017_U_26', '011_U_07', '017_U_28']",17,上行,27,117.965835,37.388039,True
017_U_28,聚鑫园,"['011_U_08', '011_U_06', '017_U_27', '112_U_14', '017_U_29', '011_U_07']",17,上行,28,117.969339,37.388117,True
017_U_29,教育园,"['017_U_30', '102_U_17', '017_U_28', '006_U_28']",17,上行,29,117.973031,37.388135,True
017_U_30,翰墨园,"['102_U_17', '006_U_29', '017_U_29']",17,上行,30,117.975539,37.390118,True
017_U_31,翰文苑,['006_U_29'],17,上行,31,117.976205,37.394204,True
017_U_34,奥林水岸,"['011_U_02', '017_U_35']",17,上行,34,117.982505,37.39789,True
017_U_35,京学幼儿园,"['017_U_36', '017_U_34']",17,上行,35,117.984922,37.399144,True
017_U_36,韵和嘉苑,"['011_U_01', '017_U_37', '017_U_35']",17,上行,36,117.986445,37.402485,True
017_U_37,鲁北技师学院,"['017_U_36', '011_U_01']",17,上行,37,117.985649,37.40617,True
018_U_01,馨露鑫苑,"['031_U_22', '032_U_09', '031_U_21', '025_U_29']",18,上行,1,117.955207,37.355792,True
018_U_02,下坡李,[],18,上行,2,117.962986,37.352765,True
018_U_03,阳光城,[],18,上行,3,117.974778,37.352842,True
018_U_04,北孝居委会,['018_U_05'],18,上行,4,117.98001,37.352873,True
018_U_05,双湖贵苑,"['018_U_06', '018_U_04']",18,上行,5,117.983109,37.355153,True
018_U_06,市审计局,"['018_U_05', '018_U_07']",18,上行,6,117.983156,37.358404,True
018_U_07,军分区,"['018_U_06', '081_U_18']",18,上行,7,117.985014,37.359046,True
018_U_08,第八中学,[],18,上行,8,117.988894,37.35709,True
018_U_09,边检站,['018_U_10'],18,上行,9,117.992726,37.358757,True
018_U_10,南杨大集,"['018_U_09', '031_U_28', '081_U_19']",18,上行,10,117.9927,37.360956,True
018_U_11,东岳家园,"['111_U_05', '081_U_19', '031_U_28', '018_U_12']",18,上行,11,117.992615,37.365203,True
018_U_12,春晖都市花园,"['009_U_41', '031_U_28', '018_U_11', '029_U_17', '029_U_16']",18,上行,12,117.994131,37.366666,True
018_U_13,南杨居委会,"['031_U_29', '002_U_42', '009_U_42', '002_U_41', '029_U_17', '029_U_16']",18,上行,13,118.000482,37.36718,True
018_U_18,市特检所,"['005_U_66', '023_U_34', '005_U_67', '101_U_24', '101_U_25']",18,上行,18,118.010245,37.377553,True
018_U_19,颐园,"['023_U_33', '001_D_05', '001_D_04', '033_U_19']",18,上行,19,118.016736,37.378039,True
018_U_29,江北集团,"['018_U_30', '113_U_30', '012_U_12', '001_U_28', '001_U_27', '005_U_57']",18,上行,29,118.027543,37.408065,False
018_U_30,北张家园,"['018_U_29', '018_U_31', '113_U_30']",18,上行,30,118.028888,37.412835,False
018_U_31,北杨新苑,"['018_U_33', '018_U_30', '113_U_30', '004_U_18', '004_U_17', '012_U_07']",18,上行,31,118.027972,37.417471,False
018_U_33,市东办事处,"['018_U_34', '004_U_18', '105_U_34', '018_U_31', '018_U_35', '113_U_35', '004_U_17', '012_U_07', '105_U_36']",18,上行,33,118.026616,37.424768,False
018_U_34,滨城区第二小学,"['018_U_33', '105_U_35', '004_U_18', '105_U_34', '018_U_35', '113_U_35', '004_U_17', '012_U_07', '105_U_36']",18,上行,34,118.027136,37.427293,False
018_U_35,养老服务中心,"['018_U_33', '018_U_34', '105_D_06', '105_U_39', '004_U_16', '018_U_36', '004_U_17', '012_U_07']",18,上行,35,118.032923,37.427733,False
018_U_36,莲湖小区,"['105_U_39', '018_U_35']",18,上行,36,118.036673,37.431308,False
019_U_01,赵集,"['019_D_36', '019_U_02']",19,上行,1,117.946415,37.509128,False
019_U_02,十里堡,"['019_U_01', '019_U_03', '019_U_04']",19,上行,2,117.946348,37.516069,False
019_U_03,张庵,"['019_U_04', '019_U_02']",19,上行,3,117.946313,37.518884,False
019_U_04,吕家,"['019_U_05', '019_U_03', '019_U_02']",19,上行,4,117.946238,37.522613,False
019_U_05,姜家,"['019_U_04', '019_U_06', '019_U_07']",19,上行,5,117.940427,37.525446,False
019_U_06,王少槐,"['019_U_05', '019_U_07']",19,上行,6,117.933068,37.52292,False
019_U_07,张辉,"['019_U_05', '019_U_08', '019_U_06']",19,上行,7,117.934543,37.520738,False
019_U_08,李马夫,['019_U_07'],19,上行,8,117.9357,37.513836,False
019_U_09,薛家,['019_U_10'],19,上行,9,117.936705,37.505661,False
019_U_10,沙洼张,['019_U_09'],19,上行,10,117.930312,37.506315,False
019_U_11,陈亚吧,['019_U_12'],19,上行,11,117.917715,37.505092,False
019_U_12,筐王,['019_U_11'],19,上行,12,117.916534,37.501004,False
019_D_34,九户杨,"['005_U_33', '005_U_32', '019_D_35', '019_D_36']",19,下行,34,117.948831,37.495657,False
019_D_35,艳张,"['019_D_36', '019_D_34']",19,下行,35,117.948172,37.499585,False
019_D_36,申家,"['019_U_01', '019_D_35', '019_D_34']",19,下行,36,117.947742,37.501898,False
020_U_01,牛王,['020_U_02'],20,上行,1,118.160204,37.401287,False
020_U_02,贾庄,"['020_U_01', '020_U_03']",20,上行,2,118.156059,37.402041,False
020_U_03,刘口,"['020_U_04', '020_U_02']",20,上行,3,118.151163,37.401429,False
020_U_04,刁家,"['020_U_05', '020_U_03']",20,上行,4,118.144574,37.400637,False
020_U_05,东石村,"['020_U_06', '020_U_04']",20,上行,5,118.140083,37.400083,False
020_U_06,李家,"['020_U_05', '020_U_07']",20,上行,6,118.133127,37.399191,False
020_U_07,敬老院,"['020_U_06', '020_U_08']",20,上行,7,118.126788,37.397785,False
020_U_08,程口,"['020_U_09', '020_U_07']",20,上行,8,118.121028,37.396416,False
020_U_09,西刘,"['020_U_10', '020_U_08']",20,上行,9,118.113797,37.394738,False
020_U_10,梁才中心学校,['020_U_09'],20,上行,10,118.106969,37.393744,False
020_U_11,梁才农商银行,"['023_U_15', '020_U_12']",20,上行,11,118.097395,37.39334,False
020_U_12,春迪服饰,"['023_U_15', '020_U_13', '020_U_14', '020_U_11']",20,上行,12,118.093125,37.394805,False
020_U_13,梁才办事处,"['023_U_15', '020_U_15', '020_U_14', '020_U_12']",20,上行,13,118.0912,37.398809,False
020_U_14,梁才市场监督管理所,"['020_U_13', '020_U_12', '020_U_17', '020_U_16', '020_U_15', '023_U_15', '023_U_18']",20,上行,14,118.08608,37.398427,False
020_U_15,茂泰纺织,"['020_U_13', '020_U_14', '020_U_17', '020_U_16', '023_U_15', '023_U_18']",20,上行,15,118.083885,37.396974,False
020_U_16,梁才实验幼儿园,"['020_U_18', '020_U_14', '020_U_17', '020_U_15', '023_U_15', '023_U_18']",20,上行,16,118.084185,37.39355,False
020_U_17,西宋村,"['020_U_18', '020_U_14', '020_U_16', '020_U_15', '023_U_18']",20,上行,17,118.08228,37.392036,False
020_U_18,东风商用4S店,"['020_U_19', '020_U_17', '020_U_16']",20,上行,18,118.07975,37.389289,False
020_U_19,化工分公司,['020_U_18'],20,上行,19,118.07502,37.385992,False
020_U_20,东瑞化工,['020_U_21'],20,上行,20,118.065353,37.38532,False
020_U_21,滨化热电厂,"['020_U_22', '020_U_20']",20,上行,21,118.059121,37.384844,False
020_U_22,任铁匠,"['036_U_31', '020_U_23', '020_U_21', '020_U_25', '020_U_24', '036_U_32']",20,上行,22,118.054216,37.38447,False
020_U_23,天虹花园东门,"['036_U_31', '020_U_25', '020_U_24', '036_U_32', '020_U_22', '111_U_23']",20,上行,23,118.05013,37.386131,False
020_U_24,中海油滨州分公司,"['036_U_31', '020_U_23', '020_U_25', '036_U_32', '020_U_22', '023_U_22', '111_U_23']",20,上行,24,118.049552,37.387849,False
020_U_25,造纸厂宿舍,"['036_U_31', '020_U_23', '020_U_24', '020_U_26', '036_U_32', '020_U_22', '111_U_23']",20,上行,25,118.047708,37.387705,False
020_U_26,滨化宿舍北门,"['036_U_31', '036_U_30', '020_U_25', '020_U_27', '023_U_23', '111_U_23', '036_U_29']",20,上行,26,118.041061,37.387202,False
020_U_27,华天商贸城,"['036_U_30', '036_U_29', '020_U_26', '036_U_28', '020_U_28', '111_U_23']",20,上行,27,118.036861,37.386909,False
020_U_28,绿洲商贸城,"['001_U_33', '001_D_08', '016_D_05', '006_U_41', '023_U_28', '001_U_32', '023_U_25', '030_U_45', '020_U_27', '036_U_28', '001_U_31', '001_U_30', '036_U_29']",20,上行,28,118.031267,37.386524,False
021_U_04,河东刘,"['008_D_44', '021_U_05', '008_D_43']",21,上行,4,117.90077,37.549856,False
021_U_05,新徐村,"['021_U_04', '008_D_44', '008_D_43']",21,上行,5,117.899804,37.547779,False
021_U_06,于潮,"['021_U_07', '021_U_08']",21,上行,6,117.889532,37.531743,False
021_U_07,刘集,"['021_U_06', '021_U_08']",21,上行,7,117.888858,37.529799,False
021_U_08,傅家,"['021_U_06', '021_U_07']",21,上行,8,117.887667,37.526671,False
021_U_09,侯玉玺,['021_U_10'],21,上行,9,117.884598,37.518643,False
021_U_10,三河湖二小,['021_U_09'],21,上行,10,117.883579,37.51579,False
021_U_11,于窑家,[],21,上行,11,117.880817,37.50814,False
021_U_14,游李,['021_U_15'],21,上行,14,117.912376,37.484339,False
021_U_15,堤口刘,['021_U_14'],21,上行,15,117.912206,37.482582,False
021_U_16,狮子李,[],21,上行,16,117.917545,37.47629,False
021_U_17,顾家,['021_U_18'],21,上行,17,117.927231,37.47547,False
021_U_18,国家,"['021_U_17', '021_U_19']",21,上行,18,117.933651,37.47107,False
021_U_19,姚家村,['021_U_18'],21,上行,19,117.933317,37.468854,False
021_U_20,肖韩,['021_U_21'],21,上行,20,117.945461,37.469417,False
021_U_21,范家,['021_U_20'],21,上行,21,117.95245,37.470001,False
021_U_22,南关,['024_U_02'],21,上行,22,117.966272,37.468988,False
022_U_01,旧镇社区,['022_U_02'],22,上行,1,118.009778,37.259438,False
022_U_02,青田卫生院,"['022_U_03', '022_U_01']",22,上行,2,118.013127,37.256173,False
022_U_03,金源纺织,"['022_U_02', '022_U_04']",22,上行,3,118.018696,37.255241,False
022_U_04,金毅集团,"['022_U_03', '022_U_05']",22,上行,4,118.025068,37.254009,False
022_U_05,油区服务中心,['022_U_04'],22,上行,5,118.030066,37.254839,False
022_U_07,大刘家,[],22,上行,7,118.043852,37.260555,False
022_U_08,高家,['022_U_09'],22,上行,8,118.053343,37.26438,False
022_U_09,杠子张,"['022_U_08', '022_U_10']",22,上行,9,118.059192,37.266542,False
022_U_10,道旭桥,"['022_U_09', '022_U_11']",22,上行,10,118.065153,37.269226,False
022_U_11,科伦医贸,"['022_D_31', '022_U_12', '022_U_13', '022_U_10']",22,上行,11,118.068236,37.27423,False
022_U_12,高新区管委会,"['035_U_16', '022_U_11', '022_U_13', '022_D_31']",22,上行,12,118.067663,37.280172,False
022_U_13,高新区中学,"['022_D_31', '022_U_12', '035_U_16', '022_U_14', '022_U_11', '035_U_15']",22,上行,13,118.070068,37.281887,False
022_U_14,龙禧花苑,"['022_U_15', '022_U_13', '022_U_16']",22,上行,14,118.077175,37.28233,False
022_U_15,小营办事处,"['022_U_16', '022_U_14']",22,上行,15,118.079961,37.2825,False
022_U_16,龙禧贵苑,"['022_U_15', '022_U_14']",22,上行,16,118.082571,37.28424,False
022_U_18,张道,"['035_U_14', '022_U_19']",22,上行,18,118.081768,37.293102,False
022_U_19,李芳含,"['022_U_20', '022_U_18']",22,上行,19,118.081272,37.298071,False
022_U_20,愉悦家纺,"['022_U_21', '022_U_22', '022_U_19']",22,上行,20,118.080805,37.302945,False
022_U_21,雅店,"['022_U_22', '022_U_20']",22,上行,21,118.080489,37.306092,False
022_U_22,顺风驾校,"['022_U_21', '022_U_20']",22,上行,22,118.080131,37.310814,False
022_U_24,朱全,[],22,上行,24,118.07896,37.325068,False
022_U_25,公铁大桥北站,['022_U_26'],22,上行,25,118.076944,37.375006,False
022_U_26,孙家楼,['022_U_25'],22,上行,26,118.072734,37.373849,False
022_U_27,雷家,"['011_D_02', '011_D_03', '011_U_37', '011_U_36']",22,上行,27,118.0645,37.369614,False
022_U_29,东海渔港,"['011_D_04', '011_D_03', '011_D_05', '022_U_30']",22,上行,29,118.054943,37.365171,False
022_U_30,玉龙湖小学,"['011_D_07', '011_D_04', '011_D_06', '011_D_05', '011_U_34', '022_U_29']",22,上行,30,118.049222,37.365018,False
022_U_32,颐和花园,"['011_D_07', '011_U_32', '103_U_32', '011_D_06', '106_D_02', '010_U_54']",22,上行,32,118.039997,37.365129,False
022_U_40,众成大厦,"['004_U_28', '001_D_06', '001_D_07', '033_U_18', '006_U_38']",22,上行,40,118.016797,37.385537,True
022_U_42,国医联合中医院,"['005_U_64', '030_U_41', '033_U_18', '005_U_65']",22,上行,42,118.011619,37.385044,True
022_D_31,高新区教育幼儿园,"['022_U_11', '035_U_16', '022_U_12', '022_U_13']",22,下行,31,118.067602,37.278511,False
023_U_01,前林,[],23,上行,1,118.139633,37.478476,False
023_U_02,北宋,[],23,上行,2,118.149965,37.437254,False
023_U_03,东大王,"['023_U_04', '023_U_05']",23,上行,3,118.150277,37.425945,False
023_U_04,西大王,"['023_U_06', '023_U_05', '023_U_03']",23,上行,4,118.149061,37.420966,False
023_U_05,东大赵,"['023_U_04', '023_U_06', '023_U_03']",23,上行,5,118.149445,37.418718,False
023_U_06,小牛家,"['023_U_04', '023_U_05']",23,上行,6,118.145201,37.41722,False
023_U_07,毛里庄,[],23,上行,7,118.142421,37.431696,False
023_U_08,梨园张,[],23,上行,8,118.124715,37.426269,False
023_U_09,马店,['023_U_10'],23,上行,9,118.121159,37.414939,False
023_U_10,小马家,['023_U_09'],23,上行,10,118.120961,37.407418,False
023_U_15,梁才商贸城,"['020_U_13', '020_U_14', '020_U_11', '020_U_12', '020_U_15', '020_U_16']",23,上行,15,118.090379,37.393059,False
023_U_18,华通驾校,"['020_U_14', '020_U_17', '020_U_15', '020_U_16', '023_U_19']",23,上行,18,118.081416,37.39809,False
023_U_19,愉悦小区,['023_U_18'],23,上行,19,118.074254,37.397545,False
023_U_20,官庄新苑,[],23,上行,20,118.065712,37.396903,False
023_U_21,沙家,['023_U_22'],23,上行,21,118.053514,37.396091,False
023_U_22,屈家,"['023_U_21', '107_U_36', '020_U_24', '107_U_37']",23,上行,22,118.048943,37.395769,False
023_U_23,天王堂,"['107_U_36', '023_U_24', '020_U_26', '107_U_37']",23,上行,23,118.039593,37.395036,False
023_U_24,北镇大集,"['001_U_29', '023_U_25', '023_U_23', '001_U_30', '001_U_31', '004_U_25']",23,上行,24,118.033135,37.394569,False
023_U_25,第四小学,"['001_U_29', '023_U_24', '020_U_28', '001_U_31', '001_U_30', '004_U_25', '023_U_27']",23,上行,25,118.030618,37.39437,False
023_U_27,胜滨小区东门,"['001_U_30', '023_U_28', '004_U_25', '004_U_26']",23,上行,27,118.024531,37.392022,True
023_U_28,姜家市场,"['001_U_31', '001_D_08', '023_U_27']",23,上行,28,118.0249,37.388435,True
023_U_33,剧场街市场农贸市场北门,"['018_U_19', '007_U_15', '001_D_04']",23,上行,33,118.01868,37.374607,True
023_U_34,滨州医学院,"['003_U_01', '018_U_18']",23,上行,34,118.012174,37.374115,True
024_U_01,杜受田故居,['024_U_02'],24,上行,1,117.968611,37.479663,False
024_U_02,南街,"['021_U_22', '024_U_01']",24,上行,2,117.968044,37.475455,False
024_U_04,杨柳雪村,[],24,上行,4,117.96016,37.463142,False
024_U_05,林家,[],24,上行,5,117.954749,37.452482,False
024_U_06,徐园,[],24,上行,6,117.950327,37.436476,False
024_U_08,东孟家,['006_U_21'],24,上行,8,117.950002,37.426495,False
024_U_11,闻鹊佳苑,"['024_U_12', '036_U_08']",24,上行,11,117.964175,37.417904,True
024_U_12,闻鹊佳苑北门,['024_U_11'],24,上行,12,117.965662,37.421365,True
024_U_13,喜鹊湖公园,[],24,上行,13,117.970324,37.421364,True
024_U_14,中医院西门,"['036_U_03', '024_U_15']",24,上行,14,117.981252,37.425518,True
024_U_15,中医院,"['036_U_03', '024_U_14', '033_U_06']",24,上行,15,117.982541,37.424628,True
024_U_16,车管所南,"['112_U_26', '024_U_17']",24,上行,16,117.99276,37.42374,True
024_U_17,职业学院西门,['024_U_16'],24,上行,17,117.994858,37.420425,True
024_U_19,市农村农业局,['026_U_50'],24,上行,19,118.002732,37.406374,True
024_U_23,安康花园,"['006_U_34', '005_U_61', '005_U_63', '006_U_35', '005_U_62']",24,上行,23,118.008103,37.393917,True
025_U_01,兰家,['010_U_12'],25,上行,1,117.867751,37.285646,False
025_U_02,南齐家,[],25,上行,2,117.877151,37.286174,False
025_U_03,南张集,['025_U_04'],25,上行,3,117.888811,37.284225,False
025_U_04,茅子王,['025_U_03'],25,上行,4,117.890739,37.283953,False
025_U_05,阮家,['025_U_06'],25,上行,5,117.900576,37.283126,False
025_U_06,南林家,"['025_U_05', '025_U_07']",25,上行,6,117.901449,37.287415,False
025_U_07,打渔张,"['025_U_06', '025_U_08']",25,上行,7,117.901808,37.291794,False
025_U_08,齐耿,"['025_U_09', '025_U_07']",25,上行,8,117.909107,37.292192,False
025_U_09,于新村,"['025_U_08', '025_U_10']",25,上行,9,117.915382,37.291299,False
025_U_10,码头村,['025_U_09'],25,上行,10,117.920622,37.290611,False
025_U_11,孔家,[],25,上行,11,117.920794,37.299546,False
025_U_12,殷家村,['025_U_13'],25,上行,12,117.911712,37.304773,False
025_U_13,何集,['025_U_12'],25,上行,13,117.907659,37.306495,False
025_U_14,山赵村,['025_U_15'],25,上行,14,117.89916,37.309606,False
025_U_15,业绩李,"['025_U_16', '025_U_14']",25,上行,15,117.897363,37.314004,False
025_U_16,蔡家,"['025_U_15', '025_U_17']",25,上行,16,117.897305,37.321701,False
025_U_17,南宗家,"['025_U_18', '025_U_16']",25,上行,17,117.896285,37.326962,False
025_U_18,小刘家,['025_U_17'],25,上行,18,117.894869,37.330421,False
025_U_19,皂户李,['025_U_20'],25,上行,19,117.907382,37.330468,False
025_U_20,华建科技,['025_U_19'],25,上行,20,117.91224,37.330457,False
025_U_21,洼梁村,['025_U_22'],25,上行,21,117.92405,37.331661,False
025_U_22,饮马村,['025_U_21'],25,上行,22,117.924046,37.336573,False
025_U_25,开发区一中,"['113_D_37', '025_U_26']",25,上行,25,117.94159,37.352759,True
025_U_26,荷兰风情村,"['032_U_11', '113_D_37', '025_U_27', '025_U_25']",25,上行,26,117.944633,37.35277,True
025_U_27,秦淮人家,"['032_U_11', '025_U_26']",25,上行,27,117.947902,37.352767,True
025_U_29,上海世家,"['031_U_22', '018_U_01']",25,上行,29,117.955478,37.358824,True
025_U_30,海通花园,"['010_U_38', '010_U_37', '025_U_31']",25,上行,30,117.955467,37.365784,True
025_U_31,马坊馨苑,"['009_U_35', '010_U_38', '010_U_37', '025_U_30']",25,上行,31,117.955483,37.369143,True
026_U_01,董家集,"['026_U_02', '035_U_01']",26,上行,1,117.991695,37.30197,False
026_U_02,举门,"['026_U_03', '026_U_01']",26,上行,2,117.990895,37.294723,False
026_U_03,郑家,"['026_U_04', '026_U_02']",26,上行,3,117.991208,37.28753,False
026_U_04,李家桥,"['026_U_05', '026_U_03', '026_U_06']",26,上行,4,117.99256,37.280042,False
026_U_05,拐沟李,"['026_U_06', '026_U_04']",26,上行,5,117.996189,37.278382,False
026_U_06,辛家,"['026_U_05', '026_U_04']",26,上行,6,118.000106,37.278337,False
026_U_07,西牛集,['026_U_08'],26,上行,7,118.010708,37.279436,False
026_U_08,东牛集,['026_U_07'],26,上行,8,118.015616,37.279903,False
026_U_09,坡刘,['026_D_47'],26,上行,9,118.024645,37.280105,False
026_U_10,西皂户,"['026_D_47', '026_U_11']",26,上行,10,118.03327,37.280392,False
026_U_11,东皂户,"['026_U_10', '026_U_12']",26,上行,11,118.038834,37.280572,False
026_U_12,新兴社区,"['026_U_13', '026_U_11']",26,上行,12,118.045294,37.280709,False
026_U_13,万物生,"['026_U_12', '026_U_14']",26,上行,13,118.052112,37.280943,False
026_U_14,欣悦康复医院,['026_U_13'],26,上行,14,118.056383,37.281055,False
026_U_45,银座渤海店,"['026_U_46', '006_U_35', '006_U_36']",26,上行,45,118.012872,37.391259,True
026_U_46,区检察院宿舍,"['006_U_35', '026_U_47', '026_U_45', '006_U_36']",26,上行,46,118.012481,37.39387,True
026_U_47,颐馨园,"['026_U_46', '107_U_26']",26,上行,47,118.012145,37.39684,True
026_U_48,裕华苑,"['007_U_05', '005_U_59', '005_U_58']",26,上行,48,118.011629,37.401966,True
026_U_50,彭李农贸市场,"['026_U_51', '005_U_60', '024_U_19']",26,上行,50,118.004136,37.403168,True
026_U_51,麒麟阁南门,"['026_U_50', '113_U_25', '002_U_31']",26,上行,51,118.000342,37.402885,True
026_U_55,北海花园,"['007_U_04', '002_U_27']",26,上行,55,118.007873,37.410416,True
026_D_47,坡刘村,"['026_U_10', '026_U_09']",26,下行,47,118.0253,37.280272,False
027_U_01,菜园董,[],27,上行,1,117.809196,37.396999,False
027_U_04,堰头张,[],27,上行,4,117.820043,37.384085,False
027_U_05,王家庵,[],27,上行,5,117.819095,37.372549,False
027_U_06,庄科李,['028_U_03'],27,上行,6,117.816018,37.361437,False
027_U_07,街北赵村,[],27,上行,7,117.840324,37.367064,False
027_U_08,高赐冠村,[],27,上行,8,117.845855,37.3733,False
027_U_09,宿家,[],27,上行,9,117.858161,37.379879,False
027_U_10,游家,[],27,上行,10,117.869561,37.379873,False
027_U_11,司家,"['027_U_12', '027_U_14', '027_U_13']",27,上行,11,117.880056,37.379882,False
027_U_12,范集小区,"['027_U_14', '027_U_11', '030_U_16', '027_U_13']",27,上行,12,117.884018,37.379895,False
027_U_13,凤凰家园,"['027_U_14', '027_U_11', '030_U_16', '027_U_12']",27,上行,13,117.8847,37.378797,False
027_U_14,中顺制造,"['027_U_13', '030_U_16', '027_U_15', '027_U_11', '027_U_12', '030_U_14']",27,上行,14,117.885951,37.375301,False
027_U_15,汇智人才公寓,"['030_U_17', '017_U_09', '030_U_16', '027_U_14']",27,上行,15,117.892891,37.375301,False
028_U_01,彭集小区,[],28,上行,1,117.81149,37.339907,False
028_U_02,籍家,"['028_U_03', '030_U_04']",28,上行,2,117.812848,37.348732,False
028_U_03,籍家路口,"['028_U_02', '027_U_06']",28,上行,3,117.816144,37.353837,False
028_U_04,小开河管理处,[],28,上行,4,117.828396,37.357361,False
028_U_05,里则西街,['028_U_06'],28,上行,5,117.836882,37.357385,False
028_U_06,里则办事处,"['028_U_07', '028_U_05']",28,上行,6,117.844182,37.357447,False
028_U_07,里则东街,"['010_U_25', '028_U_06']",28,上行,7,117.84823,37.357669,False
029_U_01,南董家,['029_U_02'],29,上行,1,118.00906,37.225444,False
029_U_02,霍家,"['029_U_03', '029_U_01', '029_U_04']",29,上行,2,118.010444,37.232182,False
029_U_03,高西家,"['029_U_02', '029_U_04']",29,上行,3,118.010636,37.234092,False
029_U_04,高东家,"['029_U_03', '029_U_02']",29,上行,4,118.013093,37.236366,False
029_U_05,高新区第三小学,['029_U_06'],29,上行,5,118.023966,37.237093,False
029_U_06,尧洼村,['029_U_05'],29,上行,6,118.030788,37.233437,False
029_U_07,蝎子王,['029_U_08'],29,上行,7,118.048992,37.22716,False
029_U_08,杏园马,['029_U_07'],29,上行,8,118.050707,37.233159,False
029_U_09,大李家,[],29,上行,9,118.048715,37.242208,False
029_U_15,南杨大集东门,"['031_U_28', '031_U_29']",29,上行,15,117.997415,37.3606,True
029_U_16,南杨海鲜烧烤城,"['031_U_29', '031_U_28', '018_U_12', '029_U_17', '018_U_13']",29,上行,16,117.997531,37.365204,True
029_U_17,龙盛花苑,"['029_U_18', '009_U_42', '018_U_12', '018_U_13', '029_U_16']",29,上行,17,117.997579,37.367619,True
029_U_18,渤海花园,"['009_U_41', '009_U_42', '029_U_17']",29,上行,18,117.997668,37.370865,True
029_U_19,康家居委会,"['002_U_38', '002_U_39', '029_U_20', '081_U_24', '003_U_02', '101_U_22']",29,上行,19,118.000005,37.376883,True
029_U_20,人寿保险公司,"['029_U_19', '002_U_38', '002_U_39', '101_U_23']",29,上行,20,118.003822,37.377159,True
029_U_31,爱琴海购物公园,['002_U_30'],29,上行,31,117.993559,37.406206,True
029_U_32,河畔盛景,[],29,上行,32,117.987922,37.411851,True
030_U_01,山东宏灿,[],30,上行,1,117.780286,37.362733,False
030_U_02,铝电宿舍,[],30,上行,2,117.779973,37.345815,False
030_U_03,汇宏铝厂,[],30,上行,3,117.789922,37.344602,False
030_U_04,中戴村,['028_U_02'],30,上行,4,117.808311,37.350952,False
030_U_13,仁爱医院,"['030_U_14', '010_U_28']",30,上行,13,117.882311,37.36285,False
030_U_14,中小企业产业园,"['027_U_14', '030_U_13']",30,上行,14,117.883406,37.370023,False
030_U_16,新东方家园,"['027_U_13', '027_U_15', '030_U_17', '017_U_09', '027_U_12', '027_U_14']",30,上行,16,117.889126,37.379754,False
030_U_17,纺苑三区,"['017_U_09', '027_U_15', '030_U_16', '009_U_26']",30,上行,17,117.894759,37.379746,False
030_U_24,市场监督管理局,"['102_U_07', '017_U_18', '017_U_17']",30,上行,24,117.949878,37.379878,True
030_U_25,市财政局,"['032_U_18', '103_U_07', '017_U_19', '030_U_26']",30,上行,25,117.956772,37.3799,True
030_U_26,市公路发展中心,"['030_U_25', '102_U_10', '032_U_18', '017_U_22', '017_U_23', '017_U_21', '017_U_20']",30,上行,26,117.960029,37.379934,True
030_U_28,市政广场,"['107_U_12', '011_U_10', '011_U_09']",30,上行,28,117.969079,37.379925,True
030_U_29,市政大楼东门,['032_U_21'],30,上行,29,117.973165,37.381078,True
030_U_30,黄河小区一区,"['102_U_17', '030_U_31']",30,上行,30,117.976042,37.384977,True
030_U_31,新滨公园东门,['030_U_30'],30,上行,31,117.977185,37.382337,True
030_U_32,许家居委会,['107_U_13'],30,上行,32,117.98136,37.38,True
030_U_33,山东航空学院,['030_U_34'],30,上行,33,117.986076,37.379991,True
030_U_34,马家小区,"['003_U_03', '030_U_35', '030_U_33']",30,上行,34,117.989694,37.379998,True
030_U_35,区教育和体育局,"['030_U_34', '003_D_05']",30,上行,35,117.992794,37.380009,True
030_U_36,全福元,"['030_U_37', '081_U_24', '002_U_37', '101_U_22']",30,上行,36,117.997832,37.381771,True
030_U_37,青藤源大饭店,"['032_U_28', '002_U_36', '030_U_38', '030_U_36']",30,上行,37,117.997906,37.384978,True
030_U_38,泰达燃气公司,"['002_U_35', '032_U_28', '030_U_37', '002_U_36', '030_U_39']",30,上行,38,117.99877,37.386526,True
030_U_39,菜刘家园,"['002_U_35', '030_U_38', '032_U_28', '106_U_26', '002_U_36']",30,上行,39,118.001827,37.386754,True
030_U_40,第六小学,"['005_U_64', '030_U_41', '005_U_63', '106_U_27']",30,上行,40,118.007084,37.387125,True
030_U_41,人民医院南门,"['005_U_64', '005_U_63', '022_U_42', '030_U_40', '005_U_65']",30,上行,41,118.011002,37.38746,True
030_U_45,金座豪庭,"['001_U_33', '016_D_05', '006_U_41', '004_U_32', '006_U_40']",30,上行,45,118.0257,37.380788,True
031_U_01,陶口,[],31,上行,1,117.814386,37.326558,False
031_U_02,堤口赵村,['031_U_03'],31,上行,2,117.823955,37.316968,False
031_U_03,大徐家,"['031_U_04', '031_U_02']",31,上行,3,117.82701,37.315712,False
031_U_04,仇家村,['031_U_03'],31,上行,4,117.833798,37.319266,False
031_U_05,岔吴,[],31,上行,5,117.839299,37.328575,False
031_U_06,关家,['031_U_07'],31,上行,6,117.838152,37.342596,False
031_U_07,里则西南街,['031_U_06'],31,上行,7,117.840332,37.349992,False
031_U_17,汽车总站东门,"['009_U_32', '031_U_18']",31,上行,17,117.940231,37.371217,True
031_U_18,公交发车区,['031_U_17'],31,上行,18,117.940272,37.369022,True
031_U_19,信达置业,[],31,上行,19,117.941653,37.362976,True
031_U_20,生龙欢乐世界,[],31,上行,20,117.947078,37.360156,True
031_U_21,馨露鑫苑北门,['018_U_01'],31,上行,21,117.95161,37.357056,True
031_U_22,吾悦华府,"['025_U_29', '018_U_01']",31,上行,22,117.958089,37.356996,True
031_U_23,泰山名郡南门,[],31,上行,23,117.973099,37.357075,True
031_U_24,双湖豪庭南门,[],31,上行,24,117.978832,37.357058,True
031_U_28,优抚医院,"['018_U_12', '018_U_10', '029_U_16', '018_U_11', '029_U_15']",31,上行,28,117.994475,37.363146,True
031_U_29,南杨南站,"['002_U_42', '029_U_16', '018_U_13', '029_U_15', '002_U_43']",31,上行,29,118.000181,37.363321,True
032_U_01,黄河植物园,[],32,上行,1,117.954188,37.299673,False
032_U_02,小周家,['032_U_03'],32,上行,2,117.936789,37.304867,False
032_U_03,南任家,"['032_U_02', '032_U_04']",32,上行,3,117.942411,37.306629,False
032_U_04,狮子刘,['032_U_03'],32,上行,4,117.948412,37.306773,False
032_U_05,南海,['032_U_06'],32,上行,5,117.954431,37.315006,False
032_U_06,东韩,['032_U_05'],32,上行,6,117.954562,37.321299,False
032_U_07,小张官,[],32,上行,7,117.954558,37.331823,False
032_U_08,幸福景城,['016_U_01'],32,上行,8,117.95554,37.345202,False
032_U_09,馨露鑫苑南门,['018_U_01'],32,上行,9,117.953078,37.352959,True
032_U_11,四季花城,"['025_U_26', '025_U_27']",32,上行,11,117.947197,37.355352,True
032_U_13,半岛蓝湾,[],32,上行,13,117.951441,37.362995,True
032_U_16,城市枫景,"['009_U_35', '017_U_19']",32,上行,16,117.955507,37.375419,True
032_U_18,市公路服务中心,"['030_U_25', '102_U_10', '017_U_23', '017_U_22', '017_U_21', '017_U_20', '030_U_26']",32,上行,18,117.959949,37.379962,True
032_U_21,新滨公园,['030_U_29'],32,上行,21,117.973421,37.379986,True
032_U_28,学苑花园,"['002_U_35', '030_U_38', '030_U_37', '002_U_36', '030_U_39']",32,上行,28,117.997961,37.387412,True
032_U_29,泰和家园,"['006_U_32', '002_U_33', '036_U_17', '002_U_32']",32,上行,29,117.997651,37.395501,True
033_U_05,新语华庭,"['036_U_03', '033_U_06']",33,上行,5,117.978727,37.421379,True
033_U_06,丽水花园,"['033_U_05', '036_U_03', '024_U_15']",33,上行,6,117.982719,37.421372,True
033_U_18,樊家巷农贸市场,"['022_U_42', '022_U_40', '101_U_25', '005_U_65']",33,上行,18,118.013464,37.383334,True
033_U_19,第三中学,"['018_U_19', '001_D_05', '001_D_06']",33,上行,19,118.018223,37.381653,True
035_U_01,小街,"['035_U_02', '026_U_01']",35,上行,1,117.999372,37.300689,False
035_U_02,西魏,['035_U_01'],35,上行,2,118.002612,37.306245,False
035_U_03,潘家,[],35,上行,3,118.012372,37.30712,False
035_U_04,拾堡社区,[],35,上行,4,118.021548,37.307649,False
035_U_05,陈家庵,['035_U_06'],35,上行,5,118.029608,37.307772,False
035_U_06,董前川,"['035_U_07', '035_U_05']",35,上行,6,118.034236,37.307577,False
035_U_07,前陈,"['035_U_08', '035_U_06', '035_U_09']",35,上行,7,118.040251,37.307281,False
035_U_08,后陈,"['035_U_07', '035_U_09']",35,上行,8,118.042977,37.306987,False
035_U_09,魏福吴,"['035_U_08', '035_U_07', '035_U_10']",35,上行,9,118.046666,37.307167,False
035_U_10,坡赵家,['035_U_09'],35,上行,10,118.053744,37.309012,False
035_U_11,许王,['035_U_12'],35,上行,11,118.066277,37.302301,False
035_U_12,愉悦城西门,"['035_U_13', '035_U_11']",35,上行,12,118.072485,37.30117,False
035_U_13,滨州高新高级中学,"['035_U_14', '035_U_12']",35,上行,13,118.073222,37.296515,False
035_U_14,科达璟致湾城,"['035_U_13', '035_U_15', '022_U_18']",35,上行,14,118.074099,37.290851,False
035_U_15,高新区体育馆,"['035_U_14', '022_U_13', '035_U_16']",35,上行,15,118.071781,37.288436,False
035_U_16,高新区政务服务中心,"['022_D_31', '022_U_12', '022_U_13', '035_U_15']",35,上行,16,118.067233,37.284967,False
036_U_01,安兴花园,[],36,上行,1,117.986157,37.427918,True
036_U_03,丽水花园西门,"['033_U_05', '024_U_14', '024_U_15', '033_U_06']",36,上行,3,117.981287,37.423837,True
036_U_08,阖裕花园,['024_U_11'],36,上行,8,117.966597,37.416834,True
036_U_09,大河新城,[],36,上行,9,117.973418,37.416828,True
036_U_10,滨州特殊教育学校,['036_U_11'],36,上行,10,117.981196,37.416822,True
036_U_11,康复培训中心,['036_U_10'],36,上行,11,117.983865,37.41684,True
036_U_17,东方文化商业街,"['002_U_32', '032_U_29', '036_U_18']",36,上行,17,118.000337,37.398182,True
036_U_18,李南蒲新区,"['005_U_61', '036_U_17']",36,上行,18,118.00397,37.398436,True
036_U_19,锦城大厦,"['005_U_61', '107_U_25', '005_U_60']",36,上行,19,118.008241,37.398766,True
036_U_28,第三小学,"['001_U_32', '001_U_33']",36,上行,28,118.030623,37.382554,True
036_U_29,耿家便民市场,"['001_U_33', '001_U_32', '036_U_30', '020_U_26', '020_U_27', '103_U_34', '020_U_28', '036_U_28', '011_U_31']",36,上行,29,118.035357,37.382912,False
036_U_30,滨化宿舍,"['036_U_31', '036_U_29', '020_U_26', '020_U_27', '103_U_34', '111_U_23', '011_U_31']",36,上行,30,118.04019,37.3833,False
036_U_31,天虹花苑,"['036_U_30', '020_U_23', '020_U_25', '020_U_26', '020_U_24', '036_U_32', '020_U_22', '111_U_23']",36,上行,31,118.047265,37.383796,False
036_U_32,天虹花苑东门,"['036_U_31', '020_U_23', '020_U_25', '020_U_24', '020_U_22', '111_U_23']",36,上行,32,118.050028,37.38609,False
037_U_01,庵头,[],37,上行,1,117.971094,37.58741,False
037_U_02,北邱家,[],37,上行,2,117.966095,37.565048,False
037_U_03,周家坊,"['037_U_05', '037_U_04']",37,上行,3,117.967144,37.554563,False
037_U_04,李铁家,"['037_U_05', '037_U_03', '037_U_06']",37,上行,4,117.967254,37.54838,False
037_U_05,窦家,"['037_U_03', '037_U_04', '037_U_06']",37,上行,5,117.967334,37.54687,False
037_U_06,张集,"['008_U_08', '037_U_05', '008_U_07', '037_U_04']",37,上行,6,117.965283,37.542676,False
037_U_07,姑子庵,[],37,上行,7,117.973552,37.534355,False
037_U_08,张佐家,[],37,上行,8,117.982039,37.524597,False
037_U_09,杀虎铜,[],37,上行,9,117.983755,37.504687,False
037_U_15,滨北农贸市场,"['001_U_07', '037_U_18', '001_U_08', '005_U_42', '001_U_13', '001_D_35', '037_U_17', '001_U_06', '001_U_05', '014_U_20', '037_U_19', '001_U_14']",37,上行,15,117.983247,37.472807,False
037_U_17,建设银行,"['037_U_18', '001_U_11', '002_U_10', '037_U_19', '005_U_42', '002_U_13', '001_U_10', '001_U_09', '001_U_07', '001_U_13', '001_U_06', '002_U_12', '014_U_20', '037_U_20', '001_D_35', '001_U_08', '014_U_17', '037_U_15', '001_U_12', '001_U_14']",37,上行,17,117.98769,37.471902,False
037_U_18,小商品城,"['001_U_11', '002_U_10', '037_U_19', '005_U_42', '002_U_13', '001_U_15', '001_U_10', '001_U_09', '001_U_07', '001_U_13', '037_U_17', '001_U_06', '002_U_12', '014_U_20', '037_U_20', '002_U_14', '001_D_35', '001_U_08', '037_U_15', '001_U_12', '001_U_14']",37,上行,18,117.988101,37.469408,False
037_U_19,利百佳超市,"['001_U_07', '037_U_18', '001_U_13', '002_U_13', '001_U_15', '037_U_17', '001_U_06', '001_U_11', '037_U_15', '002_U_12', '014_U_20', '002_U_10', '001_U_12', '037_U_20', '002_U_14', '001_U_14', '001_U_10']",37,上行,19,117.988581,37.466854,False
037_U_20,凤翔名都,"['001_U_16', '037_U_18', '001_U_13', '002_U_13', '001_U_15', '037_U_17', '001_U_11', '002_U_12', '014_U_20', '002_U_10', '001_U_12', '002_U_14', '037_U_19', '001_U_14', '001_U_10']",37,上行,20,117.988963,37.464572,False
038_U_01,坡杜,[],38,上行,1,118.006733,37.570018,False
038_U_02,单家,['038_U_03'],38,上行,2,117.993177,37.57211,False
038_U_03,梧桐赵,['038_U_02'],38,上行,3,117.98766,37.572317,False
081_U_18,武警支队教导队,"['081_U_19', '018_U_07']",81,上行,18,117.987726,37.361058,True
081_U_19,东岳家园南门,"['111_U_05', '018_U_10', '018_U_11', '081_U_18', '111_U_04']",81,上行,19,117.989744,37.363103,True
081_U_24,五岳广场,"['029_U_19', '030_U_36', '101_U_22']",81,上行,24,117.997756,37.378192,True
101_U_22,银座黄河店,"['029_U_19', '002_U_38', '002_U_37', '030_U_36', '081_U_24']",101,上行,22,117.999979,37.380269,True
101_U_23,彭李小区,"['002_U_38', '002_U_37', '029_U_20']",101,上行,23,118.004079,37.380587,True
101_U_24,彭李街道办事处,"['005_U_66', '018_U_18', '101_U_25', '005_U_65', '106_U_27']",101,上行,24,118.008167,37.380881,True
101_U_25,建设银行营业部,"['005_U_66', '033_U_18', '018_U_18', '101_U_24', '005_U_65']",101,上行,25,118.010732,37.38109,True
102_U_07,中海家苑,"['030_U_24', '017_U_17']",102,上行,7,117.947733,37.381912,True
102_U_08,房投置业广场,"['103_U_07', '103_U_08']",102,上行,8,117.952452,37.384922,True
102_U_09,金财苑小区,"['103_U_07', '102_U_10', '017_U_24', '017_U_25', '102_U_12', '103_U_08']",102,上行,9,117.959226,37.384577,True
102_U_10,交通花园,"['032_U_18', '017_U_22', '017_U_23', '017_U_24', '017_U_25', '030_U_26', '102_U_12', '102_U_09']",102,上行,10,117.959984,37.383317,True
102_U_12,鑫苑小区,"['102_U_13', '102_U_10', '017_U_26', '017_U_23', '017_U_24', '017_U_25', '102_U_09']",102,上行,12,117.962894,37.384958,True
102_U_13,同馨家园,"['011_U_08', '017_U_27', '112_U_14', '011_U_09', '017_U_24', '017_U_25', '011_U_07', '102_U_12']",102,上行,13,117.965628,37.384957,True
102_U_17,黄河小区二区,"['017_U_30', '017_U_29', '030_U_30']",102,上行,17,117.974032,37.387312,True
102_U_28,实验初中部,"['005_U_67', '002_U_39', '002_U_40', '009_U_43']",102,上行,28,118.005808,37.373592,True
103_U_07,中海大厦,"['030_U_25', '102_U_08', '102_U_09', '103_U_08']",103,上行,7,117.95561,37.382871,True
103_U_08,金融大厦,"['103_U_07', '103_U_09', '102_U_08', '102_U_09']",103,上行,8,117.95554,37.38603,True
103_U_09,丽景新园,['103_U_08'],103,上行,9,117.957163,37.388098,True
103_U_31,第五中学,"['001_D_02', '011_U_32', '010_U_53', '103_U_32', '106_D_02', '103_U_34', '006_U_44', '001_U_34', '106_U_36', '011_U_30', '106_U_37', '011_U_31']",103,上行,31,118.035006,37.371882,False
103_U_32,红旗居委会,"['011_U_32', '010_U_53', '011_U_33', '022_U_32', '103_U_31', '106_D_02', '103_U_34', '106_U_36', '106_U_37', '011_U_31']",103,上行,32,118.037653,37.372104,False
103_U_34,纺织市场,"['011_U_32', '036_U_30', '011_U_33', '103_U_32', '103_U_31', '106_U_37', '106_U_36', '011_U_30', '036_U_29', '011_U_31']",103,上行,34,118.03814,37.376055,False
105_U_07,新高都,"['107_U_10', '009_U_36', '105_U_08']",105,上行,7,117.962235,37.373208,True
105_U_08,金茂国际,"['017_U_21', '105_U_07', '017_U_20', '107_U_11', '107_U_10']",105,上行,8,117.962215,37.375871,True
105_U_14,文馨家园,"['006_U_27', '017_U_25', '017_U_26']",105,上行,14,117.96227,37.39005,True
105_U_18,奥体中心,"['011_U_04', '105_U_19']",105,上行,18,117.970119,37.401062,True
105_U_19,滨州市博物馆,"['105_U_18', '106_U_15', '105_U_20']",105,上行,19,117.970377,37.403741,True
105_U_20,劳动小区,"['106_U_15', '105_U_21', '105_U_19']",105,上行,20,117.970778,37.407638,True
105_U_21,新庄居委会,"['106_U_15', '105_U_22', '105_U_20']",105,上行,21,117.974246,37.409429,True
105_U_22,张课居委会,"['105_U_23', '105_U_21']",105,上行,22,117.976078,37.408165,True
105_U_23,滨州市科技馆,['105_U_22'],105,上行,23,117.977988,37.405923,True
105_U_29,绿茵四季花城,"['002_U_26', '007_U_04', '113_U_28']",105,上行,29,118.012699,37.414158,True
105_U_30,滨南作业大队,"['001_U_25', '001_U_26', '113_U_29']",105,上行,30,118.018382,37.414567,True
105_U_34,区政务服务中心,"['018_U_33', '018_U_34', '105_U_35', '001_U_23', '113_U_35', '105_U_36']",105,上行,34,118.021126,37.430424,False
105_U_35,滨城区人民法院,"['018_U_34', '111_U_34', '105_U_34', '113_U_35', '105_U_36']",105,上行,35,118.022874,37.433483,False
105_U_36,创业花园,"['018_U_33', '018_U_34', '105_U_35', '111_U_34', '105_U_34', '113_U_35']",105,上行,36,118.024505,37.431879,False
105_U_39,区交通局,"['105_D_06', '004_U_15', '018_U_35', '018_U_36', '105_U_40']",105,上行,39,118.040255,37.428233,False
105_U_40,粮丰花苑,"['004_U_13', '105_U_39', '013_U_21', '004_U_14', '004_U_12']",105,上行,40,118.045965,37.4284,False
105_D_06,滨城广电,"['004_U_15', '105_U_39', '004_U_16', '018_U_35', '004_U_14', '004_U_17', '012_U_07']",105,下行,6,118.038117,37.422112,False
106_U_05,北街家苑一区,['017_U_15'],106,上行,5,117.936698,37.382533,True
106_U_06,耀华大厦,[],106,上行,6,117.936867,37.387753,True
106_U_07,中海新苑,[],106,上行,7,117.93708,37.392847,True
106_U_08,实验学校西校区,[],106,上行,8,117.937093,37.39843,True
106_U_09,聚龙花园,['106_U_10'],106,上行,9,117.937162,37.403325,True
106_U_10,大尚家苑,"['106_U_11', '106_U_09']",106,上行,10,117.940238,37.4058,True
106_U_11,莲华学园,['106_U_10'],106,上行,11,117.944093,37.405803,True
106_U_12,东尚家苑,[],106,上行,12,117.9485,37.405842,True
106_U_13,会展中心,[],106,上行,13,117.955532,37.405826,True
106_U_14,望海花园,['006_U_23'],106,上行,14,117.965391,37.405844,True
106_U_15,滨州市图书馆,"['105_U_21', '105_U_19', '105_U_20']",106,上行,15,117.972605,37.405857,True
106_U_26,市司法局宿舍,"['002_U_36', '002_U_37', '030_U_39']",106,上行,26,118.002332,37.384376,True
106_U_27,彭集街道安民社区,"['005_U_64', '005_U_65', '030_U_40', '101_U_24']",106,上行,27,118.007045,37.384715,True
106_U_36,五四鑫苑,"['010_U_53', '103_U_31', '106_D_02', '006_U_44', '011_U_30', '106_U_37']",106,上行,36,118.031479,37.371705,True
106_U_37,书香府邸,"['001_D_02', '011_U_32', '010_U_53', '103_U_32', '009_U_47', '103_U_31', '106_D_02', '103_U_34', '006_U_44', '001_U_34', '106_U_36', '011_U_30', '011_U_31']",106,上行,37,118.03401,37.370882,False
106_D_02,五四小区北门,"['011_U_32', '010_U_53', '022_U_32', '009_U_47', '103_U_32', '103_U_31', '006_U_44', '106_U_36', '011_U_30', '106_U_37', '011_U_31']",106,下行,2,118.033535,37.369105,False
107_U_10,西城华府,"['017_U_22', '017_U_21', '105_U_07', '017_U_20', '107_U_11', '105_U_08']",107,上行,10,117.963263,37.377005,True
107_U_11,国际大厦,"['011_U_11', '017_U_21', '011_U_10', '107_U_10', '105_U_08']",107,上行,11,117.965435,37.377017,True
107_U_12,至尊门第,"['011_U_11', '011_U_10', '030_U_28']",107,上行,12,117.969685,37.377049,True
107_U_13,湾刘小区,"['030_U_32', '003_U_04']",107,上行,13,117.980822,37.376597,True
107_U_25,锦程大厦,"['005_U_61', '005_U_60', '036_U_19']",107,上行,25,118.008092,37.398775,True
107_U_26,怡海小区,"['007_U_07', '026_U_47', '007_U_08']",107,上行,26,118.015154,37.399332,True
107_U_36,后刘,"['023_U_22', '023_U_23', '107_U_38', '107_U_37']",107,上行,36,118.042877,37.397022,False
107_U_37,湾东赵,"['107_U_38', '023_U_22', '107_U_39', '023_U_23', '107_U_36']",107,上行,37,118.042601,37.399317,False
107_U_38,常家,"['107_U_40', '107_U_36', '107_U_39', '107_U_37']",107,上行,38,118.042039,37.402693,False
107_U_39,豪德西门,"['107_U_40', '107_U_38', '107_U_37']",107,上行,39,118.041137,37.406282,False
107_U_40,豪德北门,"['107_U_41', '107_U_39', '107_U_38']",107,上行,40,118.043291,37.409199,False
107_U_41,东客运站,['107_U_40'],107,上行,41,118.049612,37.409281,False
108_U_02,中海清瑞,[],108,上行,2,117.936048,37.361938,True
108_U_03,秦皇河社区,[],108,上行,3,117.936054,37.356237,True
109_U_01,西辛庄,[],109,上行,1,117.810779,37.424276,False
109_U_02,西游李,[],109,上行,2,117.814488,37.415665,False
109_U_03,游家庄子村,[],109,上行,3,117.825855,37.415945,False
109_U_04,后八角孙,['109_U_05'],109,上行,4,117.854453,37.413249,False
109_U_05,前八角孙,['109_U_04'],109,上行,5,117.857904,37.413534,False
109_U_06,西茶棚,['109_U_07'],109,上行,6,117.873521,37.413736,False
109_U_07,杨柳雪中心学校,"['109_U_08', '109_U_06']",109,上行,7,117.878052,37.410776,False
109_U_08,纪家,"['109_U_07', '109_U_10', '109_U_09']",109,上行,8,117.878534,37.404328,False
109_U_09,前纪,"['109_U_08', '109_U_10']",109,上行,9,117.878932,37.398877,False
109_U_10,南孙,"['109_U_08', '109_U_11', '109_U_09']",109,上行,10,117.88207,37.398609,False
109_U_11,采油105队,['109_U_10'],109,上行,11,117.887688,37.398237,False
109_U_13,穆刘,"['109_U_14', '009_U_25']",109,上行,13,117.898784,37.397453,False
109_U_14,茶棚赵,"['109_U_13', '009_U_25']",109,上行,14,117.903698,37.397104,False
109_U_15,四环五海公司,[],109,上行,15,117.912353,37.396689,True
109_U_16,中梁首府,['109_U_17'],109,上行,16,117.92162,37.395912,True
109_U_17,中海小学,['109_U_16'],109,上行,17,117.92371,37.392988,True
109_U_18,华翔苑,[],109,上行,18,117.923723,37.386187,True
111_U_02,亚泰商贸城,"['012_U_32', '011_U_16', '010_U_42', '011_U_14']",111,上行,2,117.974348,37.366027,True
111_U_04,市公安局,"['111_U_05', '081_U_19']",111,上行,4,117.988276,37.366165,True
111_U_05,东岳家园北门,"['018_U_11', '081_U_19', '111_U_04']",111,上行,5,117.989905,37.36632,True
111_U_23,崔付刘,"['036_U_31', '036_U_30', '020_U_23', '020_U_25', '020_U_26', '020_U_24', '036_U_32', '020_U_27']",111,上行,23,118.043772,37.387974,False
111_U_34,滨州中学,"['105_U_35', '105_U_36']",111,上行,34,118.023088,37.438874,False
111_U_35,火车站,[],111,上行,35,118.017287,37.452747,False
111_D_33,市海洋发展渔业局,"['011_U_15', '011_U_16']",111,下行,33,117.979468,37.363119,True
112_U_05,南街家苑,"['009_U_33', '017_U_18', '017_U_17', '010_U_36']",112,上行,5,117.947206,37.374475,True
112_U_14,市实验幼儿园,"['011_U_08', '102_U_13', '011_U_09', '011_U_07', '017_U_28']",112,上行,14,117.969454,37.384967,True
112_U_19,田园牧歌,"['112_U_21', '006_U_31', '112_U_20']",112,上行,19,117.991996,37.39422,True
112_U_20,新河金都,"['112_U_21', '112_U_19']",112,上行,20,117.99199,37.396276,True
112_U_21,第六中学,"['112_U_20', '112_U_19']",112,上行,21,117.99319,37.397967,True
112_U_26,宝安驾校,"['112_D_07', '024_U_16']",112,上行,26,117.994215,37.425838,True
112_U_27,北海新城,['112_D_07'],112,上行,27,117.993244,37.429746,True
112_U_28,观海花园,['001_U_20'],112,上行,28,118.00103,37.435108,False
112_D_07,市车管所,"['112_U_26', '112_U_27']",112,下行,7,117.993443,37.427963,True
113_U_01,渤海先进技术研究院,"['016_U_01', '113_D_37', '016_U_02']",113,上行,1,117.944053,37.344739,False
113_U_25,麒麟阁,"['026_U_51', '002_U_30']",113,上行,25,117.998144,37.406045,True
113_U_28,福佑佳苑,"['105_U_29', '007_U_04']",113,上行,28,118.013232,37.410679,True
113_U_29,公交总公司北门,"['012_U_12', '105_U_30', '001_U_26']",113,上行,29,118.01831,37.411023,True
113_U_30,东王新苑,[],113,上行,30,118.023776,37.411433,True
113_U_35,惠众大厦,"['018_U_33', '018_U_34', '105_U_35', '105_U_34', '105_U_36']",113,上行,35,118.024236,37.429091,False
113_D_37,秦皇河公园,"['025_U_26', '025_U_25']",113,下行,37,117.944094,37.35013,True
